Name,Version,License,Link License Text,Repository path,Comment,,,
asio,1.18.2,BSL-1.0,https://opensource.org/licenses/BSL-1.0,omd/packages/asio/asio-asio-1-18-2.tar.gz,,,,
cpp-httplib,0.8.9,MIT,https://opensource.org/licenses/MIT,omd/packages/httplib/cpp-httplib-0.8.9.tar.gz
fmt-master,7.0.3,MIT,https://opensource.org/licenses/MIT,omd/packages/fmt/fmt-master-7.0.3.tar.gz,,,,
FreeTDS,0.95.95,GPL-2.0,https://opensource.org/licenses/GPL-2.0,omd/packages/freetds/freetds-0.95.95.tar.gz,,,,
GNU patch,2.7.6,GPL-3.0,https://opensource.org/licenses/GPL-3.0,omd/packages/patch/patch-2.7.6.tar.gz,,,,
googletest,1.10.0,BSD-3-Clause,https://opensource.org/licenses/BSD-3-Clause,omd/packages/googletest/googletest-f3ef7e173f.tar.gz,,,,
Heirloom Packaging Tools,070227,CDDL-1.0,https://opensource.org/licenses/CDDL-1.0,omd/packages/heirloom-pkgtools/heirloom-pkgtools-070227.tar.bz2,"Unless otherwise noted, all files in this distribution are released under the Common Development and Distribution License (CDDL), Version 1.0 only.  Exceptions are noted within the associated source files. BSD-4-Clause also partially applies",,,
Heirloom-mailx,12.5,MPL-1.1,https://opensource.org/licenses/MPL-1.1,omd/packages/heirloom-mailx/heirloom-mailx-12.5.tar.gz,,,,
Lasso,2.7.0,GPL-2.0,https://opensource.org/licenses/GPL-2.0,omd/packages/lasso/lasso-2.7.0.tar.gz
lcab,1.0b12,GPL-2.0,https://opensource.org/licenses/GPL-2.0,omd/packages/msitools/lcab-1.0b12.tar.gz,,,,
libgsf,1.14.44,GPL-2.0,https://opensource.org/licenses/GPL-2.0,omd/packages/libgsf/libgsf-1.14.44.tar.xz,,,,
mk-livestatus,2022.01.05,GPL-2.0,https://opensource.org/licenses/GPL-2.0,omd/packages/mk-livestatus/mk-livestatus-2022.01.05.tar.gz
mod_auth_mellon,0.18.0,GPL-2.0,https://opensource.org/licenses/GPL-2.0,omd/packages/mod_auth_mellon/mod_auth_mellon-0.18.0.tar.gz
mod_fcgid,2.3.9,Apache-2.0,https://opensource.org/licenses/Apache-2.0,omd/packages/mod_fcgid/mod_fcgid-2.3.9.tar.gz,,,,
mod_wsgi,4.9.0,Apache-2.0,https://opensource.org/licenses/Apache-2.0,omd/packages/mod_wsgi/mod_wsgi-4.9.0.tar.gz
monitoring-plugins,2.3.1,GPL-3.0,https://opensource.org/licenses/GPL-3.0,omd/packages/monitoring-plugins/monitoring-plugins-2.3.1.tar.gz
msitools,0.94,GPL-2.0,https://opensource.org/licenses/GPL-2.0,omd/packages/msitools/msitools-0.94.tar.gz,,,,
nagios,3.5.1,GPL-2.0,https://opensource.org/licenses/GPL-2.0,omd/packages/nagios/nagios-3.5.1.tar.gz,,,,
NagVis,1.9.29,GPL-2.0,https://opensource.org/licenses/GPL-2.0,omd/packages/nagvis/nagvis-1.9.29.tar.gz
net-snmp,5.9.1,MIT-CMU,https://fedoraproject.org/wiki/Licensing:MIT?rd=Licensing/MIT#CMU_Style,omd/packages/net-snmp/net-snmp-5.9.1.zip,"Also MIT Expat and BSD-3-Clause: „Various copyrights apply to this package, listed in various separate parts below.“",,,
NRPE,3.2.1,GPL-2.0,https://opensource.org/licenses/GPL-2.0,omd/packages/nrpe/nrpe-3.2.1.tar.gz,,,,
Open Hardware Monitor,0.8.0,MPL-2.0,https://opensource.org/licenses/MPL-2.0,omd/packages/openhardwaremonitor/openhardwaremonitor-0.8.0.zip,The remainder of the software which is not under the Mozilla Public License 2.0 (MPL) is available under one of a variety of other licenses which are given below.      Aga.Controls License     WinRing0 License     jQuery License     Knockout License,,,
OpenSSL,1.1.1l,BSD-2-Clause,https://opensource.org/licenses/bsd-license.php,omd/packages/openssl/openssl-1.1.1l.tar.gz
Perl module: Archive-Zip,1.59,GPL-3.0,https://opensource.org/licenses/GPL-3.0,omd/packages/perl-modules/src/Archive-Zip-1.59.tar.gz
Perl module: base,2.18,GPL-3.0,https://opensource.org/licenses/GPL-3.0,omd/packages/perl-modules/src/base-2.18.tar.gz,,,,
Perl module: Capture-Tiny,0.27,Apache-2.0,https://opensource.org/licenses/Apache-2.0,omd/packages/perl-modules/src/Capture-Tiny-0.27.tar.gz,,,,
Perl module: Carp-Clan,6.04,GPL-3.0,https://opensource.org/licenses/GPL-3.0,omd/packages/perl-modules/src/Carp-Clan-6.04.tar.gz,,,,
Perl module: Class-Accessor,0.34 ,GPL-3.0,https://opensource.org/licenses/GPL-3.0,omd/packages/perl-modules/src/Class-Accessor-0.34.tar.gz,,,,
Perl module: Class-MethodMaker,2.22,GPL-3.0,https://opensource.org/licenses/GPL-3.0,omd/packages/perl-modules/src/Class-MethodMaker-2.22.tar.gz,,,,
Perl module: Class-Singleton,1.5,GPL-3.0,https://opensource.org/licenses/GPL-3.0,omd/packages/perl-modules/src/Class-Singleton-1.5.tar.gz,,,,
Perl module: Common-sense,3.73,GPL-3.0,https://opensource.org/licenses/GPL-3.0,omd/packages/perl-modules/src/common-sense-3.73.tar.gz,,,,
Perl module: Config-General,2.56,GPL-3.0,https://opensource.org/licenses/GPL-3.0,omd/packages/perl-modules/src/Config-General-2.56.tar.gz,,,,
Perl module: Crypt-Blowfish_PP,1.12,GPL-3.0,https://opensource.org/licenses/GPL-3.0,omd/packages/perl-modules/src/Crypt-Blowfish_PP-1.12.tar.gz,,,,
Perl module: Crypt-SSLeay,0.72,Artistic-2.0,https://opensource.org/licenses/Artistic-2.0,omd/packages/perl-modules/src/Crypt-SSLeay-0.72.tar.gz,,,,
Perl module: Data-Dumper,2.154,GPL-3.0,https://opensource.org/licenses/GPL-3.0,omd/packages/perl-modules/src/Data-Dumper-2.154.tar.gz,,,,
Perl module: DateTime,1.18,Artistic-2.0,https://opensource.org/licenses/Artistic-2.0,omd/packages/perl-modules/src/DateTime-1.18.tar.gz,,,,
Perl module: DateTime-Locale,0.45,GPL-3.0,https://opensource.org/licenses/GPL-3.0,omd/packages/perl-modules/src/DateTime-Locale-0.45.tar.gz,,,,
Perl module: DateTime::TimeZone,1.88,GPL-3.0,https://opensource.org/licenses/GPL-3.0,omd/packages/perl-modules/src/DateTime-TimeZone-1.88.tar.gz,,,,
Perl module: Digest-MD5,2.54,GPL-3.0,https://opensource.org/licenses/GPL-3.0,omd/packages/perl-modules/src/Digest-MD5-2.54.tar.gz,,,,
Perl module: Digest-SHA1,2.13,GPL-3.0,https://opensource.org/licenses/GPL-3.0,omd/packages/perl-modules/src/Digest-SHA1-2.13.tar.gz,,,,
Perl module: ExtUtils-Cbuilder,0.280220,GPL-3.0,https://opensource.org/licenses/GPL-3.0,omd/packages/perl-modules/src/ExtUtils-CBuilder-0.280220.tar.gz,,,,
Perl module: ExtUtils-Constant,0.23 ,GPL-3.0,https://opensource.org/licenses/GPL-3.0,omd/packages/perl-modules/src/ExtUtils-Constant-0.23.tar.gz,,,,
Perl module: ExtUtils-MakeMaker,7.04,GPL-3.0,https://opensource.org/licenses/GPL-3.0,omd/packages/perl-modules/src/ExtUtils-MakeMaker-7.04.tar.gz,,,,
Perl module: ExtUtils-ParseXS,3.24,GPL-3.0,https://opensource.org/licenses/GPL-3.0,omd/packages/perl-modules/src/ExtUtils-ParseXS-3.24.tar.gz,,,,
Perl module: File-SearchPath,0.06 ,GPL-3.0,https://opensource.org/licenses/GPL-3.0,omd/packages/perl-modules/src/File-SearchPath-0.06.tar.gz,,,,
Perl module: Getopt-Long,2.43,GPL-3.0,https://opensource.org/licenses/GPL-3.0,omd/packages/perl-modules/src/Getopt-Long-2.43.tar.gz,,,,
Perl module: HTML-Parser,3.71 ,GPL-3.0,https://opensource.org/licenses/GPL-3.0,omd/packages/perl-modules/src/HTML-Parser-3.71.tar.gz,,,,
Perl module: HTTP-Cookies,6.01 ,GPL-3.0,https://opensource.org/licenses/GPL-3.0,omd/packages/perl-modules/src/HTTP-Cookies-6.01.tar.gz,,,,
Perl module: HTTP-Date,6.02,GPL-3.0,https://opensource.org/licenses/GPL-3.0,omd/packages/perl-modules/src/HTTP-Date-6.02.tar.gz,,,,
Perl module: HTTP-Message,6.06,GPL-3.0,https://opensource.org/licenses/GPL-3.0,omd/packages/perl-modules/src/HTTP-Message-6.06.tar.gz,,,,
Perl module: IPC-Cmd,0.92,GPL-3.0,https://opensource.org/licenses/GPL-3.0,omd/packages/perl-modules/src/IPC-Cmd-0.92.tar.gz,,,,
Perl module: Iperl module: O,1.25,GPL-3.0,https://opensource.org/licenses/GPL-3.0,omd/packages/perl-modules/src/IO-1.25.tar.gz,,,,
Perl module: JSON,2.90,GPL-3.0,https://opensource.org/licenses/GPL-3.0,omd/packages/perl-modules/src/JSON-2.90.tar.gz,,,,
Perl module: JSON-PP,2.27300,GPL-3.0,https://opensource.org/licenses/GPL-3.0,omd/packages/perl-modules/src/JSON-PP-2.27300.tar.gz,,,,
Perl module: JSON-XS,3.01,GPL-3.0,https://opensource.org/licenses/GPL-3.0,omd/packages/perl-modules/src/JSON-XS-3.01.tar.gz,,,,
Perl module: Libwww-perl,6.13,GPL-3.0,https://opensource.org/licenses/GPL-3.0,omd/packages/perl-modules/src/libwww-perl-6.13.tar.gz,,,,
Perl module: List-AllUtils,0.09,Artistic-2.0,https://opensource.org/licenses/Artistic-2.0,omd/packages/perl-modules/src/List-AllUtils-0.09.tar.gz,,,,
Perl module: Locale-Maketext-Simple,0.21,GPL-3.0,https://opensource.org/licenses/GPL-3.0,omd/packages/perl-modules/src/Locale-Maketext-Simple-0.21.tar.gz,Also MIT,,,
Perl module: LWP-Protocol-https,6.07,GPL-3.0,https://opensource.org/licenses/GPL-3.0,omd/packages/perl-modules/src/LWP-Protocol-https-6.07.tar.gz
Perl module: Math-Calc-Units,1.07,GPL-2.0,https://opensource.org/licenses/GPL-2.0,omd/packages/perl-modules/src/Math-Calc-Units-1.07.tar.gz,,,,
Perl module: Module-Build,0.4007,GPL-3.0,https://opensource.org/licenses/GPL-3.0,omd/packages/perl-modules/src/Module-Build-0.4007.tar.gz,,,,
Perl module: Module-CoreList,5.20150420,GPL-3.0,https://opensource.org/licenses/GPL-3.0,omd/packages/perl-modules/src/Module-CoreList-5.20150420.tar.gz,,,,
Perl module: Module-Find,0.12 ,GPL-3.0,https://opensource.org/licenses/GPL-3.0,omd/packages/perl-modules/src/Module-Find-0.12.tar.gz,,,,
Perl module: Module-Implementation,0.09,Artistic-2.0,https://opensource.org/licenses/Artistic-2.0,omd/packages/perl-modules/src/Module-Implementation-0.09.tar.gz,,,,
Perl module: Module-Install,1.16,GPL-3.0,https://opensource.org/licenses/GPL-3.0,omd/packages/perl-modules/src/Module-Install-1.16.tar.gz,,,,
Perl module: Module-Load,0.32 ,GPL-3.0,https://opensource.org/licenses/GPL-3.0,omd/packages/perl-modules/src/Module-Load-0.32.tar.gz,,,,
Perl module: Module-Load-Conditional,0.64,GPL-3.0,https://opensource.org/licenses/GPL-3.0,omd/packages/perl-modules/src/Module-Load-Conditional-0.64.tar.gz,,,,
Perl module: Module-Metadata,1.000027,GPL-3.0,https://opensource.org/licenses/GPL-3.0,omd/packages/perl-modules/src/Module-Metadata-1.000027.tar.gz,,,,
Perl module: Module-Runtime,0.014,GPL-3.0,https://opensource.org/licenses/GPL-3.0,omd/packages/perl-modules/src/Module-Runtime-0.014.tar.gz,,,,
Perl module: Monitoring-Livestatus,0.74 ,GPL-3.0,https://opensource.org/licenses/GPL-3.0,omd/packages/perl-modules/src/Monitoring-Livestatus-0.74.tar.gz,,,,
Perl module: Monitoring-Plugin,0.38,GPL-3.0,https://opensource.org/licenses/GPL-3.0,omd/packages/perl-modules/src/Monitoring-Plugin-0.38.tar.gz,,,,
Perl module: Nagios-Plugin,0.36,GPL-3.0,https://opensource.org/licenses/GPL-3.0,omd/packages/perl-modules/src/Nagios-Plugin-0.36.tar.gz,,,,
Perl module: Net-HTTP,6.07,GPL-3.0,https://opensource.org/licenses/GPL-3.0,omd/packages/perl-modules/src/Net-HTTP-6.07.tar.gz,,,,
Perl module: Params-Check,0.38,GPL-3.0,https://opensource.org/licenses/GPL-3.0,omd/packages/perl-modules/src/Params-Check-0.38.tar.gz,,,,
Perl module: Params-Util,1.07,GPL-3.0,https://opensource.org/licenses/GPL-3.0,omd/packages/perl-modules/src/Params-Util-1.07.tar.gz,,,,
Perl module: Params-Validate,1.18,Artistic-2.0,https://opensource.org/licenses/Artistic-2.0,omd/packages/perl-modules/src/Params-Validate-1.18.tar.gz,,,,
Perl module: parent,0.232,GPL-3.0,https://opensource.org/licenses/GPL-3.0,omd/packages/perl-modules/src/parent-0.232.tar.gz,,,,
Perl module: Path-Class,0.35 ,GPL-3.0,https://opensource.org/licenses/GPL-3.0,omd/packages/perl-modules/src/Path-Class-0.35.tar.gz,,,,
Perl module: PathTools,3.47,GPL-3.0,https://opensource.org/licenses/GPL-3.0,omd/packages/perl-modules/src/PathTools-3.47.tar.gz,,,,
Perl module: Perl-OSType,1.008,GPL-3.0,https://opensource.org/licenses/GPL-3.0,omd/packages/perl-modules/src/Perl-OSType-1.008.tar.gz,,,,
Perl module: Scalar-List-Utils,1.42,GPL-3.0,https://opensource.org/licenses/GPL-3.0,omd/packages/perl-modules/src/Scalar-List-Utils-1.42.tar.gz,,,,
Perl module: Socket,2.019,GPL-3.0,https://opensource.org/licenses/GPL-3.0,omd/packages/perl-modules/src/Socket-2.019.tar.gz,,,,
Perl module: Sub-Exporter-Progressive,0.001011,GPL-3.0,https://opensource.org/licenses/GPL-3.0,omd/packages/perl-modules/src/Sub-Exporter-Progressive-0.001011.tar.gz,,,,
Perl module: Sub-Install,0.928,GPL-3.0,https://opensource.org/licenses/GPL-3.0,omd/packages/perl-modules/src/Sub-Install-0.928.tar.gz,,,,
Perl module: Sys-SigAction,0.21,GPL-3.0,https://opensource.org/licenses/GPL-3.0,omd/packages/perl-modules/src/Sys-SigAction-0.21.tar.gz,,,,
Perl module: Term-Clui,1.70,GPL-3.0,https://opensource.org/licenses/GPL-3.0,omd/packages/perl-modules/src/Term-Clui-1.70.tar.gz,,,,
Perl module: Term-ProgressBar,2.17,GPL-3.0,https://opensource.org/licenses/GPL-3.0,omd/packages/perl-modules/src/Term-ProgressBar-2.17.tar.gz,,,,
Perl module: Term-ReadLine-Gnu,1.25,GPL-3.0,https://opensource.org/licenses/GPL-3.0,omd/packages/perl-modules/src/Term-ReadLine-Gnu-1.25.tar.gz,,,,
Perl module: Term-ShellUI,0.92,MIT,https://opensource.org/licenses/MIT,omd/packages/perl-modules/src/Term-ShellUI-0.92.tar.gz,,,,
Perl module: Term-Size,0.207,GPL-3.0,https://opensource.org/licenses/GPL-3.0,omd/packages/perl-modules/src/Term-Size-0.207.tar.gz,dual licensed with own text or artistic,,,
Perl module: TermReadKey,2.37 ,Artistic-1.0,http://www.perl.com/perl/misc/Artistic.html,omd/packages/perl-modules/src/TermReadKey-2.37.tar.gz,,,,
Perl module: Test-Cmd,1.08,GPL-3.0,https://opensource.org/licenses/GPL-3.0,omd/packages/perl-modules/src/Test-Cmd-1.08.tar.gz,,,,
Perl module: Test-Simple,1.001014,GPL-3.0,https://opensource.org/licenses/GPL-3.0,omd/packages/perl-modules/src/Test-Simple-1.001014.tar.gz,,,,
Perl module: Text-ParseWords,3.29,GPL-3.0,https://opensource.org/licenses/GPL-3.0,omd/packages/perl-modules/src/Text-ParseWords-3.29.tar.gz,,,,
Perl module: Time-HiRes,1.9726,GPL-3.0,https://opensource.org/licenses/GPL-3.0,omd/packages/perl-modules/src/Time-HiRes-1.9726.tar.gz,,,,
Perl module: Try-Tiny,0.22 ,MIT,https://opensource.org/licenses/MIT,omd/packages/perl-modules/src/Try-Tiny-0.22.tar.gz,,,,
Perl module: Types-Serialiser,1.0 ,GPL-3.0,https://opensource.org/licenses/GPL-3.0,omd/packages/perl-modules/src/Types-Serialiser-1.0.tar.gz,,,,
Perl module: URI,1.67,GPL-3.0,https://opensource.org/licenses/GPL-3.0,omd/packages/perl-modules/src/URI-1.67.tar.gz,,,,
Perl module: version,0.9924,GPL-3.0,https://opensource.org/licenses/GPL-3.0,omd/packages/perl-modules/src/version-0.9924.tar.gz,,,,
Perl module: XML-LibXML,2.0117,GPL-3.0,https://opensource.org/licenses/GPL-3.0,omd/packages/perl-modules/src/XML-LibXML-2.0117.tar.gz,,,,
Perl module: XML-NamespaceSupport,1.11,GPL-3.0,https://opensource.org/licenses/GPL-3.0,omd/packages/perl-modules/src/XML-NamespaceSupport-1.11.tar.gz,,,,
Perl module: XML-Parser,2.44,GPL-3.0,https://opensource.org/licenses/GPL-3.0,omd/packages/perl-modules/src/XML-Parser-2.44.tar.gz,,,,
Perl module: XML-SAX,0.99,GPL-3.0,https://opensource.org/licenses/GPL-3.0,omd/packages/perl-modules/src/XML-SAX-0.99.tar.gz,,,,
Perl module: XML-SAX-Base,1.08,GPL-3.0,https://opensource.org/licenses/GPL-3.0,omd/packages/perl-modules/src/XML-SAX-Base-1.08.tar.gz,,,,
Perl module: XML-Simple,2.20,GPL-3.0,https://opensource.org/licenses/GPL-3.0,omd/packages/perl-modules/src/XML-Simple-2.20.tar.gz,,,,
Perl module: XML-Twig,3.48,GPL-3.0,https://opensource.org/licenses/GPL-3.0,omd/packages/perl-modules/src/XML-Twig-3.48.tar.gz,,,,
Perl module: YAML-Tiny,1.67,GPL-3.0,https://opensource.org/licenses/GPL-3.0,omd/packages/perl-modules/src/YAML-Tiny-1.67.tar.gz,,,,
pnp4nagios,0.6.26,GPL-2.0,https://opensource.org/licenses/GPL-2.0,omd/packages/pnp4nagios/pnp4nagios-0.6.26.tar.gz,,,,
Python,3.9.10,Python-2.0,https://spdx.org/licenses/Python-2.0.html,omd/packages/Python/Python-3.9.10.tar.xz,,,,
Python for Windows agent (PyWinAg),3.4,Python-2.0,https://spdx.org/licenses/Python-2.0.html,agents/windows/python-3.4.cab
Python for Windows agent (PyWinAg),3.9,Python-2.0,https://spdx.org/licenses/Python-2.0.html,agents/windows/python-3.cab
Python for Windows agent (PyWinAg),3.9,Python-2.0,https://spdx.org/licenses/Python-2.0.html,agents/wnx/install/resources/modules/python-3.cab
Python module: adal,1.2.0,MIT,https://opensource.org/licenses/MIT,,
Python module: apispec,3.3.1,MIT,https://opensource.org/licenses/MIT,,
Python module: apispec-oneofschema,3.0.0,LGPL-3.0,https://opensource.org/licenses/LGPL-3.0,,
Python module: attrs,21.4.0,MIT,https://opensource.org/licenses/MIT,,
Python module: bcrypt,3.1.7,Apache-2.0,https://opensource.org/licenses/Apache-2.0,,
Python module: boto3,1.17.102,Apache-2.0,https://opensource.org/licenses/Apache-2.0,,
Python module: botocore,1.20.102,Apache-2.0,https://opensource.org/licenses/Apache-2.0,,
Python module: cachetools,4.1.1,MIT,https://opensource.org/licenses/MIT,,
Python module: certifi,2021.10.8,MPL-2.0,https://opensource.org/licenses/MPL-2.0,,
Python module: cffi,1.15.0,MIT,https://opensource.org/licenses/MIT,,
Python module: chardet,4.0.0,GPL-2.0,https://opensource.org/licenses/GPL-2.0,,
Python module: click,8.0.3,BSD-3-Clause,https://opensource.org/licenses/BSD-3-Clause,,
Python module: cryptography,3.3.2,Apache-2.0,https://opensource.org/licenses/Apache-2.0,,
Python module: Cython,0.29.19,Apache-2.0,https://opensource.org/licenses/Apache-2.0,,
Python module: deepdiff,5.0.2,MIT,https://opensource.org/licenses/MIT,,
Python module: defusedxml,0.7.1,Python-2.0,https://spdx.org/licenses/Python-2.0.html,,
Python module: dicttoxml,1.7.4,GPL-2.0,https://opensource.org/licenses/GPL-2.0,,
Python module: dnspython,1.16.0,MIT-CMU,https://fedoraproject.org/wiki/Licensing:MIT?rd=Licensing/MIT#CMU_Style,,
Python module: docstring_parser,0.13,MIT,https://opensource.org/licenses/MIT,,
Python module: docutils,0.18.1,Public-Domain,,,"Exceptional files under one of the following licenses: BSD-2-Clause, Python-2.1.1, GPL-3.0"
Python module: Flask,2.0.2,BSD-3-Clause,https://opensource.org/licenses/BSD-3-Clause,,
Python module: google-auth,1.21.3,Apache-2.0,https://opensource.org/licenses/Apache-2.0,,
Python module: gunicorn,20.1.0,MIT,https://opensource.org/licenses/MIT,,
Python module: idna,2.10,BSD-3-Clause,https://opensource.org/licenses/BSD-3-Clause,,
Python module: importlib_metadata,4.8.2,Apache-2.0,https://opensource.org/licenses/Apache-2.0,,
Python module: itsdangerous,2.0.1,BSD-3-Clause,https://opensource.org/licenses/BSD-3-Clause,,
Python module: Jinja2,3.0.3,BSD-3-Clause,https://opensource.org/licenses/BSD-3-Clause,,
Python module: jira,2.0.0,BSD-2-Clause,https://opensource.org/licenses/bsd-license.php,,
Python module: jmespath,0.10.0,MIT,https://opensource.org/licenses/MIT,,
Python module: jsonschema,4.2.1,MIT,https://opensource.org/licenses/MIT,,
Python module: kubernetes,21.7.0,Apache-2.0,https://opensource.org/licenses/Apache-2.0,,
Python module: MarkupSafe,2.0.1,BSD-3-Clause,https://opensource.org/licenses/BSD-3-Clause,,
Python module: marshmallow,3.11.1,MIT,https://opensource.org/licenses/MIT,,
Python module: marshmallow-oneofschema,2.1.0,MIT,https://opensource.org/licenses/MIT,,
Python module: more-itertools,8.12.0,MIT,https://opensource.org/licenses/MIT,,
Python module: multidict,5.2.0,Apache-2.0,https://opensource.org/licenses/Apache-2.0,,
Python module: numpy,1.21.4,BSD-3-Clause,https://opensource.org/licenses/BSD-3-Clause,,
Python module: oauthlib,3.1.0,BSD-3-Clause,https://opensource.org/licenses/BSD-3-Clause,,
Python module: openapi-spec-validator,0.2.9,Apache-2.0,https://opensource.org/licenses/Apache-2.0,,
Python module: opsgenie-sdk,2.0.3,Apache-2.0,https://opensource.org/licenses/Apache-2.0,,
Python module: ordered-set,4.0.2,MIT,https://opensource.org/licenses/MIT,,
Python module: paho-mqtt,1.6.1,EPL-2.0,https://opensource.org/licenses/EPL-2.0,,also BSD-3-Clause
Python module: paramiko,2.6.0,GPL-2.0,https://opensource.org/licenses/GPL-2.0,,
Python module: passlib,1.7.2,BSD-3-Clause,https://opensource.org/licenses/BSD-3-Clause,,
Python module: pbr,5.4.4,Apache-2.0,https://opensource.org/licenses/Apache-2.0,,
Python module: Pillow,8.3.2,MIT-CMU,https://fedoraproject.org/wiki/Licensing:MIT?rd=Licensing/MIT#CMU_Style,,
Python module: ply,3.11,BSD-3-Clause,https://opensource.org/licenses/BSD-3-Clause,,
Python module: protobuf,3.18.1,BSD-3-Clause,https://opensource.org/licenses/BSD-3-Clause,,
Python module: psutil,5.9.0,BSD-3-Clause,https://opensource.org/licenses/BSD-3-Clause,,
Python module: psycopg2-binary,2.9.1,LGPL-3.0,https://opensource.org/licenses/LGPL-3.0,,
Python module: pyasn1,0.4.8,BSD-2-Clause,https://opensource.org/licenses/bsd-license.php,,
Python module: pyasn1-modules,0.2.8,BSD-2-Clause,https://opensource.org/licenses/bsd-license.php,,
Python module: pycparser,2.21,BSD-3-Clause,https://opensource.org/licenses/BSD-3-Clause,,
Python module: pycryptodomex,3.9.3,Apache-2.0,https://opensource.org/licenses/Apache-2.0,,
Python module: pydantic,1.8.2,MIT,https://opensource.org/licenses/MIT,,
Python module: pyghmi,1.5.13,Apache-2.0,https://opensource.org/licenses/Apache-2.0,,
Python module: PyJWT,1.7.1,MIT,https://opensource.org/licenses/MIT,,
Python module: pykerberos,1.2.1,Apache-2.0,https://opensource.org/licenses/Apache-2.0,,
Python module: pymssql,2.1.5,GPL-2.0,https://opensource.org/licenses/GPL-2.0,,
Python module: PyMySQL,0.9.3,MIT,https://opensource.org/licenses/MIT,,
Python module: PyNaCl,1.3.0,Apache-2.0,https://opensource.org/licenses/Apache-2.0,,
Python module: pyOpenSSL,19.1.0,Apache-2.0,https://opensource.org/licenses/Apache-2.0,,
Python module: pyparsing,2.4.7,MIT,https://opensource.org/licenses/MIT,,
Python module: PyPDF3,1.0.5,BSD-3-Clause,https://opensource.org/licenses/BSD-3-Clause,,
Python module: pyprof2calltree,1.4.5,MIT,https://opensource.org/licenses/MIT,,
Python module: pyrsistent,0.18.0,MIT,https://opensource.org/licenses/MIT,,
Python module: pysmi,0.3.4,BSD-2-Clause,https://opensource.org/licenses/bsd-license.php,,
Python module: pysnmp,4.4.12,BSD-2-Clause,https://opensource.org/licenses/bsd-license.php,,
Python module: python-active-directory,1.0.5,MIT,https://opensource.org/licenses/MIT,,
Python module: python-dateutil,2.8.2,Apache-2.0,https://opensource.org/licenses/Apache-2.0,,also BSD-3-Clause
Python module: python-ldap,3.3.1,Public-Domain,,,"This software is made available by the author(s) to the public for free    and ""as is"".  All users of this free software are solely and entirely    responsible for their own choice and use of this software for their    own purposes.  By using this software, each user agrees that the    author(s) shall not be liable for damages of any kind in relation to    its use or performance. The author(s) do not warrant that this software is fit for any purpose."
Python module: python-snap7,0.10,MIT,https://opensource.org/licenses/MIT,,
Python module: pytz,2021.3,MIT,https://opensource.org/licenses/MIT,,
Python module: PyYAML,6.0,MIT,https://opensource.org/licenses/MIT,,
Python module: redis,3.5.3,MIT,https://opensource.org/licenses/MIT,,
Python module: reportlab,3.5.66,BSD-3-Clause,https://opensource.org/licenses/BSD-3-Clause,
Python module: repoze-profile,2.3,BSD-3-Clause,https://opensource.org/licenses/BSD-3-Clause,,
Python module: requests-kerberos,0.12.0,ISC,https://opensource.org/licenses/ISC,,
Python module: requests-oauthlib,1.3.0,ISC,https://opensource.org/licenses/ISC,,
Python module: requests-toolbelt,0.9.1,Apache-2.0,https://opensource.org/licenses/Apache-2.0,,
Python module: roman,3.2,Python-2.1.1,https://www.python.org/download/releases/2.1.1/license/,,
Python module: rrdtool,0.1.15,LGPL-2.1,https://opensource.org/licenses/LGPL-2.1,,
Python module: rsa,4.7.2,Apache-2.0,https://opensource.org/licenses/Apache-2.0,,
Python module: s3transfer,0.4.2,Apache-2.0,https://opensource.org/licenses/Apache-2.0,,
Python module: semver,2.13.0,BSD-3-Clause,https://opensource.org/licenses/BSD-3-Clause,,
Python module: setuptools-git,1.2,BSD-3-Clause,https://opensource.org/licenses/BSD-3-Clause,,
Python module: setuptools_scm,4.1.2,MIT,https://opensource.org/licenses/MIT,,
Python module: six,1.16.0,MIT,https://opensource.org/licenses/MIT,,
Python module: snmpsim,0.4.7,BSD-2-Clause,https://opensource.org/licenses/bsd-license.php,,
Python module: tenacity,6.3.1,Apache-2.0,https://opensource.org/licenses/Apache-2.0,,
Python module: typing_extensions,3.10,PSF-2.0,https://spdx.org/licenses/PSF-2.0,,
Python module: urllib3,1.26.7,MIT,https://opensource.org/licenses/MIT,,
Python module: uvicorn,0.16.0,BSD-3-Clause,https://opensource.org/licenses/BSD-3-Clause,,
Python module: vcrpy,4.1.1,MIT,https://opensource.org/licenses/MIT,,
Python module: websocket_client,0.57.0,BSD-3-Clause,https://opensource.org/licenses/BSD-3-Clause,,
Python module: Werkzeug,2.0.2,BSD-3-Clause,https://opensource.org/licenses/BSD-3-Clause,,
Python module: wrapt,1.13.3,BSD-2-Clause,https://opensource.org/licenses/bsd-license.php,,
Python module: yapf,0.31.0,Apache-2.0,https://opensource.org/licenses/Apache-2.0,,
Python module: yarl,1.7.2,Apache-2.0,https://opensource.org/licenses/Apache-2.0,,
Python module: zipp,3.7.0,MIT,https://opensource.org/licenses/MIT,,
PyWinAg module: appdirs,1.4.4,MIT,https://opensource.org/licenses/MIT,included in agents/windows/python-3.cab,,,,
PyWinAg module: backports.entry-points-selectable,1.1.1,MIT,https://opensource.org/licenses/MIT,included in agents/windows/python-3.cab
PyWinAg module: certifi,2020.4.5.1,MPL-2.0,https://opensource.org/licenses/MPL-2.0,included in agents/windows/python-3.cab,,,,
PyWinAg module: certifi,2020.4.5.1,MPL-2.0,https://opensource.org/licenses/MPL-2.0,included in agents/windows/python-3.4.cab,,,,
PyWinAg module: certifi,2021.10.8,MPL-2.0,https://opensource.org/licenses/MPL-2.0,included in agents/windows/python-3.cab
PyWinAg module: cffi,1.15.0,MIT,https://opensource.org/licenses/MIT,included in agents/windows/python-3.cab
PyWinAg module: cffi,1.15.0,MIT,https://opensource.org/licenses/MIT,included in agents/windows/python-3.4.cab
PyWinAg module: chardet,3.0.4,LGPL-2.1,https://opensource.org/licenses/LGPL-2.1,included in agents/windows/python-3.cab,,,,
PyWinAg module: chardet,3.0.4,LGPL-2.1,https://opensource.org/licenses/LGPL-2.1,included in agents/windows/python-3.4.cab,,,,
PyWinAg module: charset-normalizer,2.0.7,MIT,https://opensource.org/licenses/MIT,included in agents/windows/python-3.cab
PyWinAg module: colorama,0.4.1,BSD-3-Clause,https://opensource.org/licenses/BSD-3-Clause,included in agents/windows/python-3.cab,,,,
PyWinAg module: colorama,0.4.1,BSD-3-Clause,https://opensource.org/licenses/BSD-3-Clause,included in agents/windows/python-3.4.cab,,,,
PyWinAg module: cryptography,2.8,Apache-2.0,https://opensource.org/licenses/Apache-2.0,included in agents/windows/python-3.4.cab,,,,
PyWinAg module: cryptography,35.0.0,Apache-2.0,https://opensource.org/licenses/Apache-2.0,included in agents/windows/python-3.cab
PyWinAg module: distlib,0.3.3,Python-2.0,https://spdx.org/licenses/Python-2.0.html,included in agents/windows/python-3.cab
PyWinAg module: filelock,3.3.2,Unlicense,https://opensource.org/licenses/unlicense,included in agents/windows/python-3.cab
PyWinAg module: idna,2.9,BSD-3-Clause,https://opensource.org/licenses/BSD-3-Clause,included in agents/windows/python-3.cab,,,,
PyWinAg module: idna,2.8,BSD-3-Clause,https://opensource.org/licenses/BSD-3-Clause,included in agents/windows/python-3.4.cab,,,,
PyWinAg module: platformdirs,2.4.0,MIT,https://opensource.org/licenses/MIT,included in agents/windows/python-3.cab
PyWinAg module: pycparser,2.21,BSD-3-Clause,https://opensource.org/licenses/BSD-3-Clause,included in agents/windows/python-3.4.cab
PyWinAg module: pycparser,2.21,BSD-3-Clause,https://opensource.org/licenses/BSD-3-Clause,included in agents/windows/python-3.cab
PyWinAg module: pyOpenSSL,18.0.0,Apache-2.0,https://opensource.org/licenses/Apache-2.0,included in agents/windows/python-3.4.cab,,,,
PyWinAg module: pyOpenSSL,21.0.0,Apache-2.0,https://opensource.org/licenses/Apache-2.0,included in agents/windows/python-3.cab
PyWinAg module: pypiwin32,219,PSF-2.0,https://spdx.org/licenses/PSF-2.0.html,included in agents/windows/python-3.4.cab,,,,
PyWinAg module: PySocks,1.7.1,BSD-3-Clause,https://opensource.org/licenses/BSD-3-Clause,included in agents/windows/python-3.cab,,,,
PyWinAg module: PySocks,1.7.1,BSD-3-Clause,https://opensource.org/licenses/BSD-3-Clause,included in agents/windows/python-3.4.cab,,,,
PyWinAg module: pywin32,300,PSF-2.0,https://spdx.org/licenses/PSF-2.0.html,included in agents/windows/python-3.cab,,,,
PyWinAg module: PyYAML,5.1.2,MIT,https://opensource.org/licenses/MIT,included in agents/windows/python-3.cab,,,,
PyWinAg module: PyYAML,5.1.2,MIT,https://opensource.org/licenses/MIT,included in agents/windows/python-3.4.cab,,,,
PyWinAg module: requests,2.21.0,Apache-2.0,https://opensource.org/licenses/Apache-2.0,included in agents/windows/python-3.4.cab,,,,
PyWinAg module: requests,2.26.0,Apache-2.0,https://opensource.org/licenses/Apache-2.0,included in agents/windows/python-3.cab
PyWinAg module: setuptools,46.0.0,MIT,https://opensource.org/licenses/MIT,included in agents/windows/python-3.cab,,,,
PyWinAg module: setuptools,43.0.0,MIT,https://opensource.org/licenses/MIT,included in agents/windows/python-3.4.cab,,,,
PyWinAg module: six,1.16.0,MIT,https://opensource.org/licenses/MIT,included in agents/windows/python-3.4.cab
PyWinAg module: six,1.16.0,MIT,https://opensource.org/licenses/MIT,included in agents/windows/python-3.cab
PyWinAg module: typing,3.10.0.0,Python-2.0,https://spdx.org/licenses/Python-2.0.html,included in agents/windows/python-3.4.cab
PyWinAg module: urllib3,1.25.9,MIT,https://opensource.org/licenses/MIT,included in agents/windows/python-3.cab,,,,
PyWinAg module: urllib3,1.24.3,MIT,https://opensource.org/licenses/MIT,included in agents/windows/python-3.4.cab,,,,
PyWinAg module: wheel,0.34.2,MIT,https://opensource.org/licenses/MIT,included in agents/windows/python-3.cab,,,,
re2,2020-06-01,BSD-3-Clause,https://opensource.org/licenses/BSD-3-Clause,omd/packages/re2/re2-2020-06-01.tar.gz,,,,
Redis,6.2.6,BSD-3-Clause,https://opensource.org/licenses/BSD-3-Clause,omd/packages/redis/redis-6.2.6.tar.gz
rrdtool,1.7.2,GPL-2.0,https://opensource.org/licenses/GPL-2.0,omd/packages/rrdtool/rrdtool-1.7.2.tar.gz,,,,
sapnwrfc,0.19,LGPL-2.1,https://opensource.org/licenses/LGPL-2.1,agents/sap/sapnwrfc-0.19.tar.gz,,,,
SimpleIni,4.17,MIT,https://opensource.org/licenses/MIT,omd/packages/simpleini/simpleini-2af65fc.tar.gz,,,,
Snap7,1.4.2,LGPL-3.0,https://opensource.org/licenses/LGPL-3.0,omd/packages/snap7/snap7-1.4.2.tar.gz,,,,
stunnel,5.60,GPL-2.0,https://opensource.org/licenses/GPL-2.0,omd/packages/stunnel/stunnel-5.60.tar.gz
yaml-cpp,0.6.3,MIT,https://opensource.org/licenses/MIT,omd/packages/yaml-cpp/yaml-cpp.9a362420.tar.gz,,,,
,,,,,,,,
Icons,,,,,,,,
Classic Icons,,LGPL-2.1,https://opensource.org/licenses/LGPL-2.1,web/htdocs/images/icon_*,,,,
Facelift Icons,,Icons8,https://icons8.com/download/Icons8_License.pdf,web/htdocs/images/icon_*,,,,
Kubernetes Logo,,CC-BY-4.0,https://creativecommons.org/licenses/by/4.0/,web/htdocs/themes/facelift/images/icon_kubernetes.svg,,,,
,,,,,,,,
JavaScript and CSS,,,,,,,,
ColorPicker,,MIT,https://opensource.org/licenses/MIT,"web/htdocs/js/colorpicker.js
web/htdocs/js/colorpicker_min.js",,,,
jQuery,1.7.1,MIT,https://opensource.org/licenses/MIT,web/htdocs/jquery/jquery-1.7.1.min.js,,,,
jQuery,1.6.4,MIT,https://opensource.org/licenses/MIT,web/htdocs/jquery/jquery-1.6.4.min.js,,,,
jQuery Mobile Framework JS,1.0 ,MIT,https://opensource.org/licenses/MIT,"web/htdocs/jquery/jquery.mobile-1.0.js
web/htdocs/jquery/jquery.mobile-1.0.min.js",Dual licensed under the MIT or GPL Version 2 licenses.,,,
jQuery Mobile Framework CSS,1.0 ,MIT,https://opensource.org/licenses/MIT,"web/htdocs/jquery/jquery.mobile-1.0.css
web/htdocs/jquery/jquery.mobile-1.0.min.css",Dual licensed under the MIT or GPL Version 2 licenses.,,,
jQuery Mobile Framework CSS,1.0 ,MIT,https://opensource.org/licenses/MIT,"web/htdocs/jquery/jquery.mobile.structure-1.0.css
web/htdocs/jquery/jquery.mobile.structure-1.0.min.css",Dual licensed under the MIT or GPL Version 2 licenses.,,,
,,,,,,,,
JavaScript dependencies,,,,,,,,
@babel/code-frame,7.12.13,MIT,https://opensource.org/licenses/MIT,
@babel/code-frame,7.16.0,MIT,https://opensource.org/licenses/MIT,
@babel/compat-data,7.16.4,MIT,https://opensource.org/licenses/MIT,
@babel/core,7.16.0,MIT,https://opensource.org/licenses/MIT,
@babel/eslint-parser,7.16.3,MIT,https://opensource.org/licenses/MIT,
@babel/generator,7.14.3,MIT,https://opensource.org/licenses/MIT,
@babel/generator,7.16.0,MIT,https://opensource.org/licenses/MIT,
@babel/helper-annotate-as-pure,7.12.13,MIT,https://opensource.org/licenses/MIT,
@babel/helper-annotate-as-pure,7.16.0,MIT,https://opensource.org/licenses/MIT,
@babel/helper-builder-binary-assignment-operator-visitor,7.16.0,MIT,https://opensource.org/licenses/MIT,
@babel/helper-compilation-targets,7.16.3,MIT,https://opensource.org/licenses/MIT,
@babel/helper-create-class-features-plugin,7.16.0,MIT,https://opensource.org/licenses/MIT,
@babel/helper-create-regexp-features-plugin,7.16.0,MIT,https://opensource.org/licenses/MIT,
@babel/helper-define-polyfill-provider,0.3.0,MIT,https://opensource.org/licenses/MIT,
@babel/helper-explode-assignable-expression,7.16.0,MIT,https://opensource.org/licenses/MIT,
@babel/helper-function-name,7.14.2,MIT,https://opensource.org/licenses/MIT,
@babel/helper-function-name,7.16.0,MIT,https://opensource.org/licenses/MIT,
@babel/helper-get-function-arity,7.12.13,MIT,https://opensource.org/licenses/MIT,
@babel/helper-get-function-arity,7.16.0,MIT,https://opensource.org/licenses/MIT,
@babel/helper-hoist-variables,7.16.0,MIT,https://opensource.org/licenses/MIT,
@babel/helper-member-expression-to-functions,7.16.0,MIT,https://opensource.org/licenses/MIT,
@babel/helper-module-imports,7.13.12,MIT,https://opensource.org/licenses/MIT,
@babel/helper-module-imports,7.16.0,MIT,https://opensource.org/licenses/MIT,
@babel/helper-module-transforms,7.16.0,MIT,https://opensource.org/licenses/MIT,
@babel/helper-optimise-call-expression,7.16.0,MIT,https://opensource.org/licenses/MIT,
@babel/helper-plugin-utils,7.14.5,MIT,https://opensource.org/licenses/MIT,
@babel/helper-remap-async-to-generator,7.16.4,MIT,https://opensource.org/licenses/MIT,
@babel/helper-replace-supers,7.16.0,MIT,https://opensource.org/licenses/MIT,
@babel/helper-simple-access,7.16.0,MIT,https://opensource.org/licenses/MIT,
@babel/helper-skip-transparent-expression-wrappers,7.16.0,MIT,https://opensource.org/licenses/MIT,
@babel/helper-split-export-declaration,7.12.13,MIT,https://opensource.org/licenses/MIT,
@babel/helper-split-export-declaration,7.16.0,MIT,https://opensource.org/licenses/MIT,
@babel/helper-validator-identifier,7.14.0,MIT,https://opensource.org/licenses/MIT,
@babel/helper-validator-identifier,7.15.7,MIT,https://opensource.org/licenses/MIT,
@babel/helper-validator-option,7.14.5,MIT,https://opensource.org/licenses/MIT,
@babel/helper-wrap-function,7.16.0,MIT,https://opensource.org/licenses/MIT,
@babel/helpers,7.16.3,MIT,https://opensource.org/licenses/MIT,
@babel/highlight,7.14.0,MIT,https://opensource.org/licenses/MIT,
@babel/highlight,7.16.0,MIT,https://opensource.org/licenses/MIT,
@babel/parser,7.14.4,MIT,https://opensource.org/licenses/MIT,
@babel/parser,7.16.4,MIT,https://opensource.org/licenses/MIT,
@babel/plugin-bugfix-safari-id-destructuring-collision-in-function-expression,7.16.2,MIT,https://opensource.org/licenses/MIT,
@babel/plugin-bugfix-v8-spread-parameters-in-optional-chaining,7.16.0,MIT,https://opensource.org/licenses/MIT,
@babel/plugin-proposal-async-generator-functions,7.16.4,MIT,https://opensource.org/licenses/MIT,
@babel/plugin-proposal-class-properties,7.16.0,MIT,https://opensource.org/licenses/MIT,
@babel/plugin-proposal-class-static-block,7.16.0,MIT,https://opensource.org/licenses/MIT,
@babel/plugin-proposal-dynamic-import,7.16.0,MIT,https://opensource.org/licenses/MIT,
@babel/plugin-proposal-export-namespace-from,7.16.0,MIT,https://opensource.org/licenses/MIT,
@babel/plugin-proposal-json-strings,7.16.0,MIT,https://opensource.org/licenses/MIT,
@babel/plugin-proposal-logical-assignment-operators,7.16.0,MIT,https://opensource.org/licenses/MIT,
@babel/plugin-proposal-nullish-coalescing-operator,7.16.0,MIT,https://opensource.org/licenses/MIT,
@babel/plugin-proposal-numeric-separator,7.16.0,MIT,https://opensource.org/licenses/MIT,
@babel/plugin-proposal-object-rest-spread,7.16.0,MIT,https://opensource.org/licenses/MIT,
@babel/plugin-proposal-optional-catch-binding,7.16.0,MIT,https://opensource.org/licenses/MIT,
@babel/plugin-proposal-optional-chaining,7.16.0,MIT,https://opensource.org/licenses/MIT,
@babel/plugin-proposal-private-methods,7.16.0,MIT,https://opensource.org/licenses/MIT,
@babel/plugin-proposal-private-property-in-object,7.16.0,MIT,https://opensource.org/licenses/MIT,
@babel/plugin-proposal-unicode-property-regex,7.16.0,MIT,https://opensource.org/licenses/MIT,
@babel/plugin-syntax-async-generators,7.8.4,MIT,https://opensource.org/licenses/MIT,,,,,
@babel/plugin-syntax-class-properties,7.12.13,MIT,https://opensource.org/licenses/MIT,
@babel/plugin-syntax-class-static-block,7.14.5,MIT,https://opensource.org/licenses/MIT,
@babel/plugin-syntax-dynamic-import,7.8.3,MIT,https://opensource.org/licenses/MIT,,,,,
@babel/plugin-syntax-export-namespace-from,7.8.3,MIT,https://opensource.org/licenses/MIT,,,,,
@babel/plugin-syntax-json-strings,7.8.3,MIT,https://opensource.org/licenses/MIT,,,,,
@babel/plugin-syntax-logical-assignment-operators,7.10.4,MIT,https://opensource.org/licenses/MIT,,,,,
@babel/plugin-syntax-nullish-coalescing-operator,7.8.3,MIT,https://opensource.org/licenses/MIT,,,,,
@babel/plugin-syntax-numeric-separator,7.10.4,MIT,https://opensource.org/licenses/MIT,,,,,
@babel/plugin-syntax-object-rest-spread,7.8.3,MIT,https://opensource.org/licenses/MIT,,,,,
@babel/plugin-syntax-optional-catch-binding,7.8.3,MIT,https://opensource.org/licenses/MIT,,,,,
@babel/plugin-syntax-optional-chaining,7.8.3,MIT,https://opensource.org/licenses/MIT,,,,,
@babel/plugin-syntax-private-property-in-object,7.14.5,MIT,https://opensource.org/licenses/MIT,
@babel/plugin-syntax-top-level-await,7.14.5,MIT,https://opensource.org/licenses/MIT,
@babel/plugin-transform-arrow-functions,7.16.0,MIT,https://opensource.org/licenses/MIT,
@babel/plugin-transform-async-to-generator,7.16.0,MIT,https://opensource.org/licenses/MIT,
@babel/plugin-transform-block-scoped-functions,7.16.0,MIT,https://opensource.org/licenses/MIT,
@babel/plugin-transform-block-scoping,7.16.0,MIT,https://opensource.org/licenses/MIT,
@babel/plugin-transform-classes,7.16.0,MIT,https://opensource.org/licenses/MIT,
@babel/plugin-transform-computed-properties,7.16.0,MIT,https://opensource.org/licenses/MIT,
@babel/plugin-transform-destructuring,7.16.0,MIT,https://opensource.org/licenses/MIT,
@babel/plugin-transform-dotall-regex,7.16.0,MIT,https://opensource.org/licenses/MIT,
@babel/plugin-transform-duplicate-keys,7.16.0,MIT,https://opensource.org/licenses/MIT,
@babel/plugin-transform-exponentiation-operator,7.16.0,MIT,https://opensource.org/licenses/MIT,
@babel/plugin-transform-for-of,7.16.0,MIT,https://opensource.org/licenses/MIT,
@babel/plugin-transform-function-name,7.16.0,MIT,https://opensource.org/licenses/MIT,
@babel/plugin-transform-literals,7.16.0,MIT,https://opensource.org/licenses/MIT,
@babel/plugin-transform-member-expression-literals,7.16.0,MIT,https://opensource.org/licenses/MIT,
@babel/plugin-transform-modules-amd,7.16.0,MIT,https://opensource.org/licenses/MIT,
@babel/plugin-transform-modules-commonjs,7.16.0,MIT,https://opensource.org/licenses/MIT,
@babel/plugin-transform-modules-systemjs,7.16.0,MIT,https://opensource.org/licenses/MIT,
@babel/plugin-transform-modules-umd,7.16.0,MIT,https://opensource.org/licenses/MIT,
@babel/plugin-transform-named-capturing-groups-regex,7.16.0,MIT,https://opensource.org/licenses/MIT,
@babel/plugin-transform-new-target,7.16.0,MIT,https://opensource.org/licenses/MIT,
@babel/plugin-transform-object-super,7.16.0,MIT,https://opensource.org/licenses/MIT,
@babel/plugin-transform-parameters,7.16.3,MIT,https://opensource.org/licenses/MIT,
@babel/plugin-transform-property-literals,7.16.0,MIT,https://opensource.org/licenses/MIT,
@babel/plugin-transform-regenerator,7.16.0,MIT,https://opensource.org/licenses/MIT,
@babel/plugin-transform-reserved-words,7.16.0,MIT,https://opensource.org/licenses/MIT,
@babel/plugin-transform-shorthand-properties,7.16.0,MIT,https://opensource.org/licenses/MIT,
@babel/plugin-transform-spread,7.16.0,MIT,https://opensource.org/licenses/MIT,
@babel/plugin-transform-sticky-regex,7.16.0,MIT,https://opensource.org/licenses/MIT,
@babel/plugin-transform-template-literals,7.16.0,MIT,https://opensource.org/licenses/MIT,
@babel/plugin-transform-typeof-symbol,7.16.0,MIT,https://opensource.org/licenses/MIT,
@babel/plugin-transform-unicode-escapes,7.16.0,MIT,https://opensource.org/licenses/MIT,
@babel/plugin-transform-unicode-regex,7.16.0,MIT,https://opensource.org/licenses/MIT,
@babel/preset-env,7.16.4,MIT,https://opensource.org/licenses/MIT,
@babel/preset-modules,0.1.5,MIT,https://opensource.org/licenses/MIT,
@babel/runtime,7.14.0,MIT,https://opensource.org/licenses/MIT,
@babel/runtime,7.16.3,MIT,https://opensource.org/licenses/MIT,
@babel/template,7.12.13,MIT,https://opensource.org/licenses/MIT,
@babel/template,7.16.0,MIT,https://opensource.org/licenses/MIT,
@babel/traverse,7.14.2,MIT,https://opensource.org/licenses/MIT,
@babel/traverse,7.16.3,MIT,https://opensource.org/licenses/MIT,
@babel/types,7.14.4,MIT,https://opensource.org/licenses/MIT,
@babel/types,7.16.0,MIT,https://opensource.org/licenses/MIT,
@discoveryjs/json-ext,0.5.2,MIT,https://opensource.org/licenses/MIT,,,,,
@emotion/is-prop-valid,0.8.8,MIT,https://opensource.org/licenses/MIT,,,,,
@emotion/memoize,0.7.4,MIT,https://opensource.org/licenses/MIT,,,,,
@emotion/stylis,0.8.5,MIT,https://opensource.org/licenses/MIT,,,,,
@emotion/unitless,0.7.5,MIT,https://opensource.org/licenses/MIT,,,,,
@eslint/eslintrc,1.0.4,MIT,https://opensource.org/licenses/MIT,
@exodus/schemasafe,1.0.0-rc.3,MIT,https://opensource.org/licenses/MIT,,,,,
@humanwhocodes/config-array,0.6.0,Apache-2.0,https://opensource.org/licenses/Apache-2.0,
@humanwhocodes/object-schema,1.2.1,BSD-3-Clause,https://opensource.org/licenses/BSD-3-Clause,
@juggle/resize-observer,3.3.1,Apache-2.0,https://opensource.org/licenses/Apache-2.0,
@mdn/browser-compat-data,3.3.14,CC0-1.0,https://creativecommons.org/publicdomain/zero/1.0/legalcode,
@ranfdev/deepobj,1.0.2,MIT,https://opensource.org/licenses/MIT,,,,,
@redocly/ajv,8.6.2,MIT,https://opensource.org/licenses/MIT,
@redocly/ajv,8.6.4,MIT,https://opensource.org/licenses/MIT,
@redocly/openapi-core,1.0.0-beta.62,MIT,https://opensource.org/licenses/MIT,
@redocly/openapi-core,1.0.0-beta.69,MIT,https://opensource.org/licenses/MIT,
@redocly/react-dropdown-aria,2.0.12,MIT,https://opensource.org/licenses/MIT,
@trysound/sax,0.2.0,ISC,https://opensource.org/licenses/ISC,
@types/chokidar,2.1.3,MIT,https://opensource.org/licenses/MIT,,,,,
@types/eslint,7.2.6,MIT,https://opensource.org/licenses/MIT,,,,,
@types/eslint-scope,3.7.0,MIT,https://opensource.org/licenses/MIT,,,,,
@types/estree,0.0.50,MIT,https://opensource.org/licenses/MIT,
@types/handlebars,4.1.0,MIT,https://opensource.org/licenses/MIT,,,,,
@types/json-schema,7.0.7,MIT,https://opensource.org/licenses/MIT,,,,,
@types/json-schema,7.0.9,MIT,https://opensource.org/licenses/MIT,
@types/mkdirp,1.0.1,MIT,https://opensource.org/licenses/MIT,,,,,
@types/node,14.17.21,MIT,https://opensource.org/licenses/MIT,
@types/node,14.17.34,MIT,https://opensource.org/licenses/MIT,
@types/node,15.12.2,MIT,https://opensource.org/licenses/MIT,
@types/parse-json,4.0.0,MIT,https://opensource.org/licenses/MIT,,,,,
@webassemblyjs/ast,1.11.1,MIT,https://opensource.org/licenses/MIT,
@webassemblyjs/floating-point-hex-parser,1.11.1,MIT,https://opensource.org/licenses/MIT,
@webassemblyjs/helper-api-error,1.11.1,MIT,https://opensource.org/licenses/MIT,
@webassemblyjs/helper-buffer,1.11.1,MIT,https://opensource.org/licenses/MIT,
@webassemblyjs/helper-numbers,1.11.1,MIT,https://opensource.org/licenses/MIT,
@webassemblyjs/helper-wasm-bytecode,1.11.1,MIT,https://opensource.org/licenses/MIT,
@webassemblyjs/helper-wasm-section,1.11.1,MIT,https://opensource.org/licenses/MIT,
@webassemblyjs/ieee754,1.11.1,MIT,https://opensource.org/licenses/MIT,
@webassemblyjs/leb128,1.11.1,Apache-2.0,https://opensource.org/licenses/Apache-2.0,
@webassemblyjs/utf8,1.11.1,MIT,https://opensource.org/licenses/MIT,
@webassemblyjs/wasm-edit,1.11.1,MIT,https://opensource.org/licenses/MIT,
@webassemblyjs/wasm-gen,1.11.1,MIT,https://opensource.org/licenses/MIT,
@webassemblyjs/wasm-opt,1.11.1,MIT,https://opensource.org/licenses/MIT,
@webassemblyjs/wasm-parser,1.11.1,MIT,https://opensource.org/licenses/MIT,
@webassemblyjs/wast-printer,1.11.1,MIT,https://opensource.org/licenses/MIT,
@webpack-cli/configtest,1.1.0,MIT,https://opensource.org/licenses/MIT,
@webpack-cli/info,1.4.0,MIT,https://opensource.org/licenses/MIT,
@webpack-cli/serve,1.6.0,MIT,https://opensource.org/licenses/MIT,
@xtuc/ieee754,1.2.0,BSD-3-Clause,https://opensource.org/licenses/BSD-3-Clause,,,,,
@xtuc/long,4.2.2,Apache-2.0,https://opensource.org/licenses/Apache-2.0,,,,,
@yaireo/tagify,4.9.2,MIT,https://opensource.org/licenses/MIT,
acorn,3.3.0,MIT,https://opensource.org/licenses/MIT,,,,,
acorn,5.7.4,MIT,https://opensource.org/licenses/MIT,
acorn,8.6.0,MIT,https://opensource.org/licenses/MIT,
acorn-import-assertions,1.8.0,MIT,https://opensource.org/licenses/MIT,
acorn-jsx,3.0.1,MIT,https://opensource.org/licenses/MIT,,,,,
acorn-jsx,5.3.2,MIT,https://opensource.org/licenses/MIT,
ajv,4.11.8,MIT,https://opensource.org/licenses/MIT,,,,,
ajv,6.12.6,MIT,https://opensource.org/licenses/MIT,
ajv,8.8.2,MIT,https://opensource.org/licenses/MIT,
ajv-formats,2.1.1,MIT,https://opensource.org/licenses/MIT,
ajv-keywords,1.5.1,MIT,https://opensource.org/licenses/MIT,,,,,
ajv-keywords,3.5.2,MIT,https://opensource.org/licenses/MIT,
ajv-keywords,5.1.0,MIT,https://opensource.org/licenses/MIT,
alphanum-sort,1.0.2,MIT,https://opensource.org/licenses/MIT,,,,,
ansi-colors,4.1.1,MIT,https://opensource.org/licenses/MIT,,,,,
ansi-escapes,1.4.0,MIT,https://opensource.org/licenses/MIT,,,,,
ansi-regex,2.1.1,MIT,https://opensource.org/licenses/MIT,,,,,
ansi-regex,3.0.0,MIT,https://opensource.org/licenses/MIT,
ansi-regex,5.0.0,MIT,https://opensource.org/licenses/MIT,
ansi-regex,5.0.1,MIT,https://opensource.org/licenses/MIT,
ansi-styles,2.2.1,MIT,https://opensource.org/licenses/MIT,,,,,
ansi-styles,3.2.1,MIT,https://opensource.org/licenses/MIT,
ansi-styles,4.3.0,MIT,https://opensource.org/licenses/MIT,
anymatch,3.1.1,ISC,https://opensource.org/licenses/ISC,,,,,
anymatch,3.1.2,ISC,https://opensource.org/licenses/ISC,
argparse,1.0.10,MIT,https://opensource.org/licenses/MIT,,,,,
argparse,2.0.1,Python-2.0,https://spdx.org/licenses/Python-2.0.html,
asn1.js,5.4.1,MIT,https://opensource.org/licenses/MIT,
assert,1.5.0,MIT,https://opensource.org/licenses/MIT,,,,,
ast-metadata-inferer,0.7.0,MIT,https://opensource.org/licenses/MIT,
autoprefixer,10.4.0,MIT,https://opensource.org/licenses/MIT,
babel-code-frame,6.26.0,MIT,https://opensource.org/licenses/MIT,,,,,
babel-core,6.26.3,MIT,https://opensource.org/licenses/MIT,,,,,
babel-generator,6.26.1,MIT,https://opensource.org/licenses/MIT,,,,,
babel-helper-builder-binary-assignment-operator-visitor,6.24.1,MIT,https://opensource.org/licenses/MIT,,,,,
babel-helper-call-delegate,6.24.1,MIT,https://opensource.org/licenses/MIT,,,,,
babel-helper-define-map,6.26.0,MIT,https://opensource.org/licenses/MIT,,,,,
babel-helper-explode-assignable-expression,6.24.1,MIT,https://opensource.org/licenses/MIT,,,,,
babel-helper-function-name,6.24.1,MIT,https://opensource.org/licenses/MIT,,,,,
babel-helper-get-function-arity,6.24.1,MIT,https://opensource.org/licenses/MIT,,,,,
babel-helper-hoist-variables,6.24.1,MIT,https://opensource.org/licenses/MIT,,,,,
babel-helper-optimise-call-expression,6.24.1,MIT,https://opensource.org/licenses/MIT,,,,,
babel-helper-regex,6.26.0,MIT,https://opensource.org/licenses/MIT,,,,,
babel-helper-remap-async-to-generator,6.24.1,MIT,https://opensource.org/licenses/MIT,,,,,
babel-helper-replace-supers,6.24.1,MIT,https://opensource.org/licenses/MIT,,,,,
babel-helpers,6.24.1,MIT,https://opensource.org/licenses/MIT,,,,,
babel-loader,8.2.3,MIT,https://opensource.org/licenses/MIT,
babel-messages,6.23.0,MIT,https://opensource.org/licenses/MIT,,,,,
babel-plugin-add-module-exports,1.0.4,MIT,https://opensource.org/licenses/MIT,,,,,
babel-plugin-check-es2015-constants,6.22.0,MIT,https://opensource.org/licenses/MIT,,,,,
babel-plugin-dynamic-import-node,2.3.3,MIT,https://opensource.org/licenses/MIT,,,,,
babel-plugin-polyfill-corejs2,0.3.0,MIT,https://opensource.org/licenses/MIT,
babel-plugin-polyfill-corejs3,0.4.0,MIT,https://opensource.org/licenses/MIT,
babel-plugin-polyfill-regenerator,0.3.0,MIT,https://opensource.org/licenses/MIT,
babel-plugin-styled-components,1.12.0,MIT,https://opensource.org/licenses/MIT,
babel-plugin-syntax-async-functions,6.13.0,MIT,https://opensource.org/licenses/MIT,,,,,
babel-plugin-syntax-exponentiation-operator,6.13.0,MIT,https://opensource.org/licenses/MIT,,,,,
babel-plugin-syntax-jsx,6.18.0,MIT,https://opensource.org/licenses/MIT,,,,,
babel-plugin-syntax-trailing-function-commas,6.22.0,MIT,https://opensource.org/licenses/MIT,,,,,
babel-plugin-transform-async-to-generator,6.24.1,MIT,https://opensource.org/licenses/MIT,,,,,
babel-plugin-transform-es2015-arrow-functions,6.22.0,MIT,https://opensource.org/licenses/MIT,,,,,
babel-plugin-transform-es2015-block-scoped-functions,6.22.0,MIT,https://opensource.org/licenses/MIT,,,,,
babel-plugin-transform-es2015-block-scoping,6.26.0,MIT,https://opensource.org/licenses/MIT,,,,,
babel-plugin-transform-es2015-classes,6.24.1,MIT,https://opensource.org/licenses/MIT,,,,,
babel-plugin-transform-es2015-computed-properties,6.24.1,MIT,https://opensource.org/licenses/MIT,,,,,
babel-plugin-transform-es2015-destructuring,6.23.0,MIT,https://opensource.org/licenses/MIT,,,,,
babel-plugin-transform-es2015-duplicate-keys,6.24.1,MIT,https://opensource.org/licenses/MIT,,,,,
babel-plugin-transform-es2015-for-of,6.23.0,MIT,https://opensource.org/licenses/MIT,,,,,
babel-plugin-transform-es2015-function-name,6.24.1,MIT,https://opensource.org/licenses/MIT,,,,,
babel-plugin-transform-es2015-literals,6.22.0,MIT,https://opensource.org/licenses/MIT,,,,,
babel-plugin-transform-es2015-modules-amd,6.24.1,MIT,https://opensource.org/licenses/MIT,,,,,
babel-plugin-transform-es2015-modules-commonjs,6.26.2,MIT,https://opensource.org/licenses/MIT,,,,,
babel-plugin-transform-es2015-modules-systemjs,6.24.1,MIT,https://opensource.org/licenses/MIT,,,,,
babel-plugin-transform-es2015-modules-umd,6.24.1,MIT,https://opensource.org/licenses/MIT,,,,,
babel-plugin-transform-es2015-object-super,6.24.1,MIT,https://opensource.org/licenses/MIT,,,,,
babel-plugin-transform-es2015-parameters,6.24.1,MIT,https://opensource.org/licenses/MIT,,,,,
babel-plugin-transform-es2015-shorthand-properties,6.24.1,MIT,https://opensource.org/licenses/MIT,,,,,
babel-plugin-transform-es2015-spread,6.22.0,MIT,https://opensource.org/licenses/MIT,,,,,
babel-plugin-transform-es2015-sticky-regex,6.24.1,MIT,https://opensource.org/licenses/MIT,,,,,
babel-plugin-transform-es2015-template-literals,6.22.0,MIT,https://opensource.org/licenses/MIT,,,,,
babel-plugin-transform-es2015-typeof-symbol,6.23.0,MIT,https://opensource.org/licenses/MIT,,,,,
babel-plugin-transform-es2015-unicode-regex,6.24.1,MIT,https://opensource.org/licenses/MIT,,,,,
babel-plugin-transform-exponentiation-operator,6.24.1,MIT,https://opensource.org/licenses/MIT,,,,,
babel-plugin-transform-regenerator,6.26.0,MIT,https://opensource.org/licenses/MIT,,,,,
babel-plugin-transform-strict-mode,6.24.1,MIT,https://opensource.org/licenses/MIT,,,,,
babel-preset-env,1.7.0,MIT,https://opensource.org/licenses/MIT,,,,,
babel-register,6.26.0,MIT,https://opensource.org/licenses/MIT,,,,,
babel-runtime,6.26.0,MIT,https://opensource.org/licenses/MIT,,,,,
babel-template,6.26.0,MIT,https://opensource.org/licenses/MIT,,,,,
babel-traverse,6.26.0,MIT,https://opensource.org/licenses/MIT,,,,,
babel-types,6.26.0,MIT,https://opensource.org/licenses/MIT,,,,,
babylon,6.18.0,MIT,https://opensource.org/licenses/MIT,,,,,
balanced-match,1.0.0,MIT,https://opensource.org/licenses/MIT,,,,,
balanced-match,1.0.2,MIT,https://opensource.org/licenses/MIT,
base64-js,1.5.1,MIT,https://opensource.org/licenses/MIT,
big.js,5.2.2,MIT,https://opensource.org/licenses/MIT,,,,,
binary-extensions,2.2.0,MIT,https://opensource.org/licenses/MIT,,,,,
bn.js,4.12.0,MIT,https://opensource.org/licenses/MIT,
bn.js,5.2.0,MIT,https://opensource.org/licenses/MIT,
boolbase,1.0.0,ISC,https://opensource.org/licenses/ISC,,,,,
brace-expansion,1.1.11,MIT,https://opensource.org/licenses/MIT,,,,,
braces,3.0.2,MIT,https://opensource.org/licenses/MIT,,,,,
brorand,1.1.0,MIT,https://opensource.org/licenses/MIT,,,,,
browserify-aes,1.2.0,MIT,https://opensource.org/licenses/MIT,,,,,
browserify-cipher,1.0.1,MIT,https://opensource.org/licenses/MIT,,,,,
browserify-des,1.0.2,MIT,https://opensource.org/licenses/MIT,,,,,
browserify-rsa,4.1.0,MIT,https://opensource.org/licenses/MIT,
browserify-sign,4.2.1,ISC,https://opensource.org/licenses/ISC,
browserify-zlib,0.2.0,MIT,https://opensource.org/licenses/MIT,,,,,
browserslist,3.2.8,MIT,https://opensource.org/licenses/MIT,,,,,
browserslist,4.18.1,MIT,https://opensource.org/licenses/MIT,
btoa,1.2.1,Apache-2.0,https://opensource.org/licenses/Apache-2.0,,,,,
buffer,4.9.2,MIT,https://opensource.org/licenses/MIT,,,,,
buffer-from,1.1.1,MIT,https://opensource.org/licenses/MIT,,,,,
buffer-xor,1.0.3,MIT,https://opensource.org/licenses/MIT,,,,,
builtin-status-codes,3.0.0,MIT,https://opensource.org/licenses/MIT,,,,,
call-bind,1.0.2,MIT,https://opensource.org/licenses/MIT,,,,,
call-me-maybe,1.0.1,MIT,https://opensource.org/licenses/MIT,,,,,
caller-path,0.1.0,MIT,https://opensource.org/licenses/MIT,,,,,
callsites,0.2.0,MIT,https://opensource.org/licenses/MIT,,,,,
callsites,3.1.0,MIT,https://opensource.org/licenses/MIT,
camelize,1.0.0,MIT,https://opensource.org/licenses/MIT,,,,,
can-use-dom,0.1.0,MIT,https://opensource.org/licenses/MIT,,,,,
caniuse-api,3.0.0,MIT,https://opensource.org/licenses/MIT,,,,,
caniuse-lite,1.0.30001283,CC-BY-4.0,https://spdx.org/licenses/CC-BY-4.0.html,
canvas-5-polyfill,0.1.5,BSD*,,
chalk,1.1.3,MIT,https://opensource.org/licenses/MIT,,,,,
chalk,2.4.2,MIT,https://opensource.org/licenses/MIT,
chalk,4.1.0,MIT,https://opensource.org/licenses/MIT,
check_mk,1.0.0,GPL-2.0,https://opensource.org/licenses/GPL-2.0,,,,,
chokidar,3.5.1,MIT,https://opensource.org/licenses/MIT,,,,,
chrome-trace-event,1.0.2,MIT,https://opensource.org/licenses/MIT,,,,,
cipher-base,1.0.4,MIT,https://opensource.org/licenses/MIT,,,,,
circular-json,0.3.3,MIT,https://opensource.org/licenses/MIT,,,,,
classnames,2.3.1,MIT,https://opensource.org/licenses/MIT,
cli-cursor,1.0.2,MIT,https://opensource.org/licenses/MIT,,,,,
cli-width,2.2.1,ISC,https://opensource.org/licenses/ISC,,,,,
cliui,7.0.4,ISC,https://opensource.org/licenses/ISC,,,,,
clone-deep,4.0.1,MIT,https://opensource.org/licenses/MIT,,,,,
clsx,1.1.1,MIT,https://opensource.org/licenses/MIT,,,,,
co,4.6.0,MIT,https://opensource.org/licenses/MIT,,,,,
code-point-at,1.1.0,MIT,https://opensource.org/licenses/MIT,,,,,
color-convert,1.9.3,MIT,https://opensource.org/licenses/MIT,,,,,
color-convert,2.0.1,MIT,https://opensource.org/licenses/MIT,
color-name,1.1.3,MIT,https://opensource.org/licenses/MIT,,,,,
color-name,1.1.4,MIT,https://opensource.org/licenses/MIT,
colord,2.9.1,MIT,https://opensource.org/licenses/MIT,
colorette,1.4.0,MIT,https://opensource.org/licenses/MIT,
colorette,2.0.16,MIT,https://opensource.org/licenses/MIT,
commander,2.20.3,MIT,https://opensource.org/licenses/MIT,,,,,
commander,7.0.0,MIT,https://opensource.org/licenses/MIT,
commander,7.2.0,MIT,https://opensource.org/licenses/MIT,
commondir,1.0.1,MIT,https://opensource.org/licenses/MIT,,,,,
concat-map,0.0.1,MIT,https://opensource.org/licenses/MIT,,,,,
concat-stream,1.6.2,MIT,https://opensource.org/licenses/MIT,,,,,
console-browserify,1.2.0,MIT,https://opensource.org/licenses/MIT,,,,,
constants-browserify,1.0.0,MIT,https://opensource.org/licenses/MIT,,,,,
convert-source-map,1.7.0,MIT,https://opensource.org/licenses/MIT,,,,,
core-js,2.6.12,MIT,https://opensource.org/licenses/MIT,,,,,
core-js,3.14.0,MIT,https://opensource.org/licenses/MIT,
core-js,3.19.2,MIT,https://opensource.org/licenses/MIT,
core-js-compat,3.19.1,MIT,https://opensource.org/licenses/MIT,
core-util-is,1.0.2,MIT,https://opensource.org/licenses/MIT,,,,,
cosmiconfig,7.0.0,MIT,https://opensource.org/licenses/MIT,,,,,
create-ecdh,4.0.4,MIT,https://opensource.org/licenses/MIT,
create-hash,1.2.0,MIT,https://opensource.org/licenses/MIT,,,,,
create-hmac,1.1.7,MIT,https://opensource.org/licenses/MIT,,,,,
cross-spawn,7.0.3,MIT,https://opensource.org/licenses/MIT,,,,,
crossfilter2,1.5.4,Apache-2.0,https://opensource.org/licenses/Apache-2.0,,,,,
crypto-browserify,3.12.0,MIT,https://opensource.org/licenses/MIT,,,,,
css-color-keywords,1.0.0,ISC,https://opensource.org/licenses/ISC,,,,,
css-declaration-sorter,6.1.3,ISC,https://opensource.org/licenses/ISC,
css-loader,6.5.1,MIT,https://opensource.org/licenses/MIT,
css-select,4.1.3,BSD-2-Clause,https://opensource.org/licenses/bsd-license.php,
css-to-react-native,3.0.0,MIT,https://opensource.org/licenses/MIT,,,,,
css-tree,1.1.3,MIT,https://opensource.org/licenses/MIT,
css-what,5.1.0,BSD-2-Clause,https://opensource.org/licenses/bsd-license.php,
cssesc,3.0.0,MIT,https://opensource.org/licenses/MIT,,,,,
cssnano,5.0.12,MIT,https://opensource.org/licenses/MIT,
cssnano-preset-default,5.1.8,MIT,https://opensource.org/licenses/MIT,
cssnano-utils,2.0.1,MIT,https://opensource.org/licenses/MIT,
csso,4.2.0,MIT,https://opensource.org/licenses/MIT,,,,,
d,1.0.1,ISC,https://opensource.org/licenses/ISC,,,,,
d3,6.7.0,BSD-3-Clause,https://opensource.org/licenses/BSD-3-Clause,
d3,7.1.1,ISC,https://opensource.org/licenses/ISC,
d3-array,2.12.1,BSD-3-Clause,https://opensource.org/licenses/BSD-3-Clause,
d3-array,3.1.1,ISC,https://opensource.org/licenses/ISC,
d3-axis,2.1.0,BSD-3-Clause,https://opensource.org/licenses/BSD-3-Clause,
d3-axis,3.0.0,ISC,https://opensource.org/licenses/ISC,
d3-brush,2.1.0,BSD-3-Clause,https://opensource.org/licenses/BSD-3-Clause,,,,,
d3-brush,3.0.0,ISC,https://opensource.org/licenses/ISC,
d3-chord,2.0.0,BSD-3-Clause,https://opensource.org/licenses/BSD-3-Clause,,,,,
d3-chord,3.0.1,ISC,https://opensource.org/licenses/ISC,
d3-color,2.0.0,BSD-3-Clause,https://opensource.org/licenses/BSD-3-Clause,,,,,
d3-color,3.0.1,ISC,https://opensource.org/licenses/ISC,
d3-contour,2.0.0,BSD-3-Clause,https://opensource.org/licenses/BSD-3-Clause,,,,,
d3-contour,3.0.1,ISC,https://opensource.org/licenses/ISC,
d3-delaunay,5.3.0,ISC,https://opensource.org/licenses/ISC,,,,,
d3-delaunay,6.0.2,ISC,https://opensource.org/licenses/ISC,
d3-dispatch,2.0.0,BSD-3-Clause,https://opensource.org/licenses/BSD-3-Clause,,,,,
d3-dispatch,3.0.1,ISC,https://opensource.org/licenses/ISC,
d3-drag,2.0.0,BSD-3-Clause,https://opensource.org/licenses/BSD-3-Clause,,,,,
d3-drag,3.0.0,ISC,https://opensource.org/licenses/ISC,
d3-dsv,2.0.0,BSD-3-Clause,https://opensource.org/licenses/BSD-3-Clause,,,,,
d3-dsv,3.0.1,ISC,https://opensource.org/licenses/ISC,
d3-ease,2.0.0,BSD-3-Clause,https://opensource.org/licenses/BSD-3-Clause,,,,,
d3-ease,3.0.1,BSD-3-Clause,https://opensource.org/licenses/BSD-3-Clause,
d3-fetch,2.0.0,BSD-3-Clause,https://opensource.org/licenses/BSD-3-Clause,,,,,
d3-fetch,3.0.1,ISC,https://opensource.org/licenses/ISC,
d3-flextree,2.1.2,WTFPL,https://spdx.org/licenses/WTFPL.html,
d3-force,2.1.1,BSD-3-Clause,https://opensource.org/licenses/BSD-3-Clause,,,,,
d3-force,3.0.0,ISC,https://opensource.org/licenses/ISC,
d3-format,2.0.0,BSD-3-Clause,https://opensource.org/licenses/BSD-3-Clause,,,,,
d3-format,3.0.1,ISC,https://opensource.org/licenses/ISC,
d3-geo,2.0.2,BSD-3-Clause,https://opensource.org/licenses/BSD-3-Clause,
d3-geo,3.0.1,ISC,https://opensource.org/licenses/ISC,
d3-hexbin,0.2.2,BSD-3-Clause,https://opensource.org/licenses/BSD-3-Clause,,,,,
d3-hierarchy,1.1.9,BSD-3-Clause,https://opensource.org/licenses/BSD-3-Clause,,,,,
d3-hierarchy,2.0.0,BSD-3-Clause,https://opensource.org/licenses/BSD-3-Clause,
d3-hierarchy,3.0.1,ISC,https://opensource.org/licenses/ISC,
d3-interpolate,2.0.1,BSD-3-Clause,https://opensource.org/licenses/BSD-3-Clause,,,,,
d3-interpolate,3.0.1,ISC,https://opensource.org/licenses/ISC,
d3-path,1.0.9,BSD-3-Clause,https://opensource.org/licenses/BSD-3-Clause,,,,,
d3-path,2.0.0,BSD-3-Clause,https://opensource.org/licenses/BSD-3-Clause,
d3-path,3.0.1,ISC,https://opensource.org/licenses/ISC,
d3-polygon,2.0.0,BSD-3-Clause,https://opensource.org/licenses/BSD-3-Clause,,,,,
d3-polygon,3.0.1,ISC,https://opensource.org/licenses/ISC,
d3-quadtree,2.0.0,BSD-3-Clause,https://opensource.org/licenses/BSD-3-Clause,,,,,
d3-quadtree,3.0.1,ISC,https://opensource.org/licenses/ISC,
d3-random,2.2.2,BSD-3-Clause,https://opensource.org/licenses/BSD-3-Clause,,,,,
d3-random,3.0.1,ISC,https://opensource.org/licenses/ISC,
d3-sankey,0.12.3,BSD-3-Clause,https://opensource.org/licenses/BSD-3-Clause,,,,,
d3-scale,3.3.0,BSD-3-Clause,https://opensource.org/licenses/BSD-3-Clause,
d3-scale,4.0.2,ISC,https://opensource.org/licenses/ISC,
d3-scale-chromatic,2.0.0,BSD-3-Clause,https://opensource.org/licenses/BSD-3-Clause,,,,,
d3-scale-chromatic,3.0.0,ISC,https://opensource.org/licenses/ISC,
d3-selection,2.0.0,BSD-3-Clause,https://opensource.org/licenses/BSD-3-Clause,,,,,
d3-selection,3.0.0,ISC,https://opensource.org/licenses/ISC,
d3-shape,1.3.7,BSD-3-Clause,https://opensource.org/licenses/BSD-3-Clause,,,,,
d3-shape,2.1.0,BSD-3-Clause,https://opensource.org/licenses/BSD-3-Clause,
d3-shape,3.0.1,ISC,https://opensource.org/licenses/ISC,
d3-time,2.1.1,BSD-3-Clause,https://opensource.org/licenses/BSD-3-Clause,
d3-time,3.0.0,ISC,https://opensource.org/licenses/ISC,
d3-time-format,3.0.0,BSD-3-Clause,https://opensource.org/licenses/BSD-3-Clause,,,,,
d3-time-format,4.0.0,ISC,https://opensource.org/licenses/ISC,
d3-timer,2.0.0,BSD-3-Clause,https://opensource.org/licenses/BSD-3-Clause,,,,,
d3-timer,3.0.1,ISC,https://opensource.org/licenses/ISC,
d3-transition,2.0.0,BSD-3-Clause,https://opensource.org/licenses/BSD-3-Clause,,,,,
d3-transition,3.0.1,ISC,https://opensource.org/licenses/ISC,
d3-zoom,2.0.0,BSD-3-Clause,https://opensource.org/licenses/BSD-3-Clause,,,,,
d3-zoom,3.0.0,ISC,https://opensource.org/licenses/ISC,
dc,4.2.7,Apache-2.0,https://opensource.org/licenses/Apache-2.0,
debug,2.6.9,MIT,https://opensource.org/licenses/MIT,,,,,
debug,4.1.1,MIT,https://opensource.org/licenses/MIT,
debug,4.3.1,MIT,https://opensource.org/licenses/MIT,
debug,4.3.3,MIT,https://opensource.org/licenses/MIT,
decko,1.2.0,MIT,https://opensource.org/licenses/MIT,,,,,
deep-is,0.1.3,MIT,https://opensource.org/licenses/MIT,,,,,
define-properties,1.1.3,MIT,https://opensource.org/licenses/MIT,,,,,
delaunator,4.0.1,ISC,https://opensource.org/licenses/ISC,,,,,
delaunator,5.0.0,ISC,https://opensource.org/licenses/ISC,
des.js,1.0.1,MIT,https://opensource.org/licenses/MIT,,,,,
detect-indent,4.0.0,MIT,https://opensource.org/licenses/MIT,,,,,
diffie-hellman,5.0.3,MIT,https://opensource.org/licenses/MIT,,,,,
doctrine,1.5.0,BSD-2-Clause,https://opensource.org/licenses/bsd-license.php,,also Apache-2.0,,,
doctrine,3.0.0,Apache-2.0,https://opensource.org/licenses/Apache-2.0,
dom-serializer,1.3.2,MIT,https://opensource.org/licenses/MIT,
domain-browser,1.2.0,MIT,https://opensource.org/licenses/MIT,,,,,
domelementtype,2.2.0,BSD-2-Clause,https://opensource.org/licenses/bsd-license.php,
domhandler,4.2.2,BSD-2-Clause,https://opensource.org/licenses/bsd-license.php,
dompurify,2.2.9,(MPL-2.0 OR Apache-2.0),,
dompurify,2.3.3,(MPL-2.0 OR Apache-2.0),,
domutils,2.8.0,BSD-2-Clause,https://opensource.org/licenses/bsd-license.php,
electron-to-chromium,1.4.4,ISC,https://opensource.org/licenses/ISC,
element-closest-polyfill,1.0.4,ISC,https://opensource.org/licenses/ISC,
elliptic,6.5.4,MIT,https://opensource.org/licenses/MIT,
emoji-regex,8.0.0,MIT,https://opensource.org/licenses/MIT,,,,,
emojis-list,3.0.0,MIT,https://opensource.org/licenses/MIT,,,,,
enhanced-resolve,5.8.3,MIT,https://opensource.org/licenses/MIT,
enquirer,2.3.6,MIT,https://opensource.org/licenses/MIT,,,,,
entities,2.2.0,BSD-2-Clause,https://opensource.org/licenses/bsd-license.php,,,,,
envinfo,7.8.1,MIT,https://opensource.org/licenses/MIT,
error-ex,1.3.2,MIT,https://opensource.org/licenses/MIT,,,,,
es-module-lexer,0.9.3,MIT,https://opensource.org/licenses/MIT,
es5-ext,0.10.53,ISC,https://opensource.org/licenses/ISC,,,,,
es6-iterator,2.0.3,MIT,https://opensource.org/licenses/MIT,,,,,
es6-map,0.1.5,MIT,https://opensource.org/licenses/MIT,,,,,
es6-promise,3.3.1,MIT,https://opensource.org/licenses/MIT,,,,,
es6-set,0.1.5,MIT,https://opensource.org/licenses/MIT,,,,,
es6-symbol,3.1.1,MIT,https://opensource.org/licenses/MIT,,,,,
es6-symbol,3.1.3,ISC,https://opensource.org/licenses/ISC,
es6-weak-map,2.0.3,ISC,https://opensource.org/licenses/ISC,,,,,
escalade,3.1.1,MIT,https://opensource.org/licenses/MIT,,,,,
escape-string-regexp,1.0.5,MIT,https://opensource.org/licenses/MIT,,,,,
escape-string-regexp,4.0.0,MIT,https://opensource.org/licenses/MIT,
escope,3.6.0,BSD-2-Clause,https://opensource.org/licenses/bsd-license.php,,,,,
eslint,2.13.1,MIT,https://opensource.org/licenses/MIT,,,,,
eslint,8.3.0,MIT,https://opensource.org/licenses/MIT,
eslint-config-prettier,8.3.0,MIT,https://opensource.org/licenses/MIT,
eslint-plugin-compat,4.0.0,MIT,https://opensource.org/licenses/MIT,
eslint-plugin-prettier,4.0.0,MIT,https://opensource.org/licenses/MIT,
eslint-scope,5.1.1,BSD-2-Clause,https://opensource.org/licenses/bsd-license.php,,,,,
eslint-scope,7.1.0,BSD-2-Clause,https://opensource.org/licenses/bsd-license.php,
eslint-utils,3.0.0,MIT,https://opensource.org/licenses/MIT,
eslint-visitor-keys,2.1.0,Apache-2.0,https://opensource.org/licenses/Apache-2.0,
eslint-visitor-keys,3.1.0,Apache-2.0,https://opensource.org/licenses/Apache-2.0,
espree,3.5.4,BSD-2-Clause,https://opensource.org/licenses/bsd-license.php,,,,,
espree,9.1.0,BSD-2-Clause,https://opensource.org/licenses/bsd-license.php,
esprima,4.0.1,BSD-2-Clause,https://opensource.org/licenses/bsd-license.php,,,,,
esquery,1.4.0,BSD-3-Clause,https://opensource.org/licenses/BSD-3-Clause,
esrecurse,4.3.0,BSD-2-Clause,https://opensource.org/licenses/bsd-license.php,,,,,
estraverse,4.3.0,BSD-2-Clause,https://opensource.org/licenses/bsd-license.php,,,,,
estraverse,5.3.0,BSD-2-Clause,https://opensource.org/licenses/bsd-license.php,
esutils,2.0.3,BSD-2-Clause,https://opensource.org/licenses/bsd-license.php,,,,,
event-emitter,0.3.5,MIT,https://opensource.org/licenses/MIT,,,,,
eventemitter3,4.0.7,MIT,https://opensource.org/licenses/MIT,,,,,
events,3.2.0,MIT,https://opensource.org/licenses/MIT,,,,,
events,3.3.0,MIT,https://opensource.org/licenses/MIT,
evp_bytestokey,1.0.3,MIT,https://opensource.org/licenses/MIT,,,,,
execa,5.0.0,MIT,https://opensource.org/licenses/MIT,,,,,
exit-hook,1.1.1,MIT,https://opensource.org/licenses/MIT,,,,,
ext,1.4.0,ISC,https://opensource.org/licenses/ISC,,,,,
extract-loader,5.1.0,Unlicense,https://opensource.org/licenses/unlicense,,,,,
fast-deep-equal,3.1.3,MIT,https://opensource.org/licenses/MIT,
fast-diff,1.2.0,Apache-2.0,https://opensource.org/licenses/Apache-2.0,,,,,
fast-json-stable-stringify,2.1.0,MIT,https://opensource.org/licenses/MIT,,,,,
fast-levenshtein,2.0.6,MIT,https://opensource.org/licenses/MIT,,,,,
fast-safe-stringify,2.0.7,MIT,https://opensource.org/licenses/MIT,,,,,
fastest-levenshtein,1.0.12,MIT,https://opensource.org/licenses/MIT,,,,,
figures,1.7.0,MIT,https://opensource.org/licenses/MIT,,,,,
file-entry-cache,1.3.1,MIT,https://opensource.org/licenses/MIT,,,,,
file-entry-cache,6.0.1,MIT,https://opensource.org/licenses/MIT,
file-loader,6.2.0,MIT,https://opensource.org/licenses/MIT,,,,,
fill-range,7.0.1,MIT,https://opensource.org/licenses/MIT,,,,,
find-cache-dir,3.3.1,MIT,https://opensource.org/licenses/MIT,,,,,
find-up,4.1.0,MIT,https://opensource.org/licenses/MIT,,,,,
find-up,5.0.0,MIT,https://opensource.org/licenses/MIT,
find-up,6.2.0,MIT,https://opensource.org/licenses/MIT,
flat-cache,1.3.4,MIT,https://opensource.org/licenses/MIT,,,,,
flat-cache,3.0.4,MIT,https://opensource.org/licenses/MIT,
flatted,3.2.4,ISC,https://opensource.org/licenses/ISC,
foreach,2.0.5,MIT,https://opensource.org/licenses/MIT,,,,,
fraction.js,4.1.2,MIT,https://opensource.org/licenses/MIT,
front-matter,2.1.2,MIT,https://opensource.org/licenses/MIT,,,,,
fs-extra,3.0.1,MIT,https://opensource.org/licenses/MIT,,,,,
fs.realpath,1.0.0,ISC,https://opensource.org/licenses/ISC,,,,,
function-bind,1.1.1,MIT,https://opensource.org/licenses/MIT,,,,,
functional-red-black-tree,1.0.1,MIT,https://opensource.org/licenses/MIT,,,,,
generate-function,2.3.1,MIT,https://opensource.org/licenses/MIT,,,,,
generate-object-property,1.2.0,MIT,https://opensource.org/licenses/MIT,,,,,
gensync,1.0.0-beta.2,MIT,https://opensource.org/licenses/MIT,,,,,
get-caller-file,2.0.5,ISC,https://opensource.org/licenses/ISC,,,,,
get-intrinsic,1.1.1,MIT,https://opensource.org/licenses/MIT,
get-stream,6.0.0,MIT,https://opensource.org/licenses/MIT,,,,,
glob,7.1.6,ISC,https://opensource.org/licenses/ISC,,,,,
glob-parent,5.1.1,ISC,https://opensource.org/licenses/ISC,,,,,
glob-parent,5.1.2,ISC,https://opensource.org/licenses/ISC,
glob-parent,6.0.2,ISC,https://opensource.org/licenses/ISC,
glob-to-regexp,0.4.1,BSD-2-Clause,https://opensource.org/licenses/bsd-license.php,,,,,
globals,11.12.0,MIT,https://opensource.org/licenses/MIT,,,,,
globals,13.12.0,MIT,https://opensource.org/licenses/MIT,
globals,9.18.0,MIT,https://opensource.org/licenses/MIT,
globule,1.3.1,MIT,https://opensource.org/licenses/MIT,,,,,
gonzales-pe-sl,4.2.3,MIT,https://opensource.org/licenses/MIT,,,,,
graceful-fs,4.2.4,ISC,https://opensource.org/licenses/ISC,,,,,
handlebars,4.7.7,MIT,https://opensource.org/licenses/MIT,
has,1.0.3,MIT,https://opensource.org/licenses/MIT,,,,,
has-ansi,2.0.0,MIT,https://opensource.org/licenses/MIT,,,,,
has-flag,3.0.0,MIT,https://opensource.org/licenses/MIT,,,,,
has-flag,4.0.0,MIT,https://opensource.org/licenses/MIT,
has-symbols,1.0.2,MIT,https://opensource.org/licenses/MIT,
hash-base,3.1.0,MIT,https://opensource.org/licenses/MIT,
hash.js,1.1.7,MIT,https://opensource.org/licenses/MIT,,,,,
hmac-drbg,1.0.1,MIT,https://opensource.org/licenses/MIT,,,,,
hoist-non-react-statics,3.3.2,BSD-3-Clause,https://opensource.org/licenses/BSD-3-Clause,,,,,
home-or-tmp,2.0.0,MIT,https://opensource.org/licenses/MIT,,,,,
http2-client,1.3.3,MIT,https://opensource.org/licenses/MIT,,,,,
https-browserify,1.0.0,MIT,https://opensource.org/licenses/MIT,,,,,
human-signals,2.1.0,Apache-2.0,https://opensource.org/licenses/Apache-2.0,,,,,
iconv-lite,0.4.24,MIT,https://opensource.org/licenses/MIT,,,,,
iconv-lite,0.6.3,MIT,https://opensource.org/licenses/MIT,
icss-utils,5.1.0,ISC,https://opensource.org/licenses/ISC,,,,,
ieee754,1.2.1,BSD-3-Clause,https://opensource.org/licenses/BSD-3-Clause,
ignore,3.3.10,MIT,https://opensource.org/licenses/MIT,,,,,
ignore,4.0.6,MIT,https://opensource.org/licenses/MIT,
immutable,4.0.0,MIT,https://opensource.org/licenses/MIT,
import-fresh,3.3.0,MIT,https://opensource.org/licenses/MIT,,,,,
import-local,3.0.2,MIT,https://opensource.org/licenses/MIT,,,,,
imurmurhash,0.1.4,MIT,https://opensource.org/licenses/MIT,,,,,
inflight,1.0.6,ISC,https://opensource.org/licenses/ISC,,,,,
inherits,2.0.1,ISC,https://opensource.org/licenses/ISC,,,,,
inherits,2.0.3,ISC,https://opensource.org/licenses/ISC,
inherits,2.0.4,ISC,https://opensource.org/licenses/ISC,
inquirer,0.12.0,MIT,https://opensource.org/licenses/MIT,,,,,
internmap,1.0.1,ISC,https://opensource.org/licenses/ISC,
internmap,2.0.3,ISC,https://opensource.org/licenses/ISC,
interpret,2.2.0,MIT,https://opensource.org/licenses/MIT,,,,,
invariant,2.2.4,MIT,https://opensource.org/licenses/MIT,,,,,
is-absolute-url,3.0.3,MIT,https://opensource.org/licenses/MIT,
is-arrayish,0.2.1,MIT,https://opensource.org/licenses/MIT,,,,,
is-binary-path,2.1.0,MIT,https://opensource.org/licenses/MIT,,,,,
is-extglob,2.1.1,MIT,https://opensource.org/licenses/MIT,,,,,
is-finite,1.1.0,MIT,https://opensource.org/licenses/MIT,,,,,
is-fullwidth-code-point,1.0.0,MIT,https://opensource.org/licenses/MIT,,,,,
is-fullwidth-code-point,2.0.0,MIT,https://opensource.org/licenses/MIT,
is-fullwidth-code-point,3.0.0,MIT,https://opensource.org/licenses/MIT,
is-glob,4.0.1,MIT,https://opensource.org/licenses/MIT,,,,,
is-glob,4.0.3,MIT,https://opensource.org/licenses/MIT,
is-my-ip-valid,1.0.0,MIT,https://opensource.org/licenses/MIT,,,,,
is-my-json-valid,2.20.0,MIT,https://opensource.org/licenses/MIT,,,,,
is-number,7.0.0,MIT,https://opensource.org/licenses/MIT,,,,,
is-plain-object,2.0.4,MIT,https://opensource.org/licenses/MIT,,,,,
is-property,1.0.2,MIT,https://opensource.org/licenses/MIT,,,,,
is-resolvable,1.1.0,ISC,https://opensource.org/licenses/ISC,,,,,
is-stream,2.0.0,MIT,https://opensource.org/licenses/MIT,,,,,
isarray,1.0.0,MIT,https://opensource.org/licenses/MIT,,,,,
isarray,2.0.5,MIT,https://opensource.org/licenses/MIT,
isexe,2.0.0,ISC,https://opensource.org/licenses/ISC,,,,,
isobject,3.0.1,MIT,https://opensource.org/licenses/MIT,,,,,
jest-worker,27.3.1,MIT,https://opensource.org/licenses/MIT,
jquery,3.6.0,MIT,https://opensource.org/licenses/MIT,
js-levenshtein,1.1.6,MIT,https://opensource.org/licenses/MIT,
js-tokens,3.0.2,MIT,https://opensource.org/licenses/MIT,,,,,
js-tokens,4.0.0,MIT,https://opensource.org/licenses/MIT,
js-yaml,3.13.1,MIT,https://opensource.org/licenses/MIT,,,,,
js-yaml,3.14.1,MIT,https://opensource.org/licenses/MIT,
js-yaml,4.1.0,MIT,https://opensource.org/licenses/MIT,
jsesc,0.5.0,MIT,https://opensource.org/licenses/MIT,,,,,
jsesc,1.3.0,MIT,https://opensource.org/licenses/MIT,
jsesc,2.5.2,MIT,https://opensource.org/licenses/MIT,
json-parse-better-errors,1.0.2,MIT,https://opensource.org/licenses/MIT,,,,,
json-parse-even-better-errors,2.3.1,MIT,https://opensource.org/licenses/MIT,,,,,
json-pointer,0.6.1,MIT,https://opensource.org/licenses/MIT,,,,,
json-schema-traverse,0.4.1,MIT,https://opensource.org/licenses/MIT,,,,,
json-schema-traverse,1.0.0,MIT,https://opensource.org/licenses/MIT,
json-stable-stringify,1.0.1,MIT,https://opensource.org/licenses/MIT,,,,,
json-stable-stringify-without-jsonify,1.0.1,MIT,https://opensource.org/licenses/MIT,,,,,
json5,0.5.1,MIT,https://opensource.org/licenses/MIT,,,,,
json5,1.0.1,MIT,https://opensource.org/licenses/MIT,
json5,2.1.3,MIT,https://opensource.org/licenses/MIT,
jsonfile,3.0.1,MIT,https://opensource.org/licenses/MIT,,,,,
jsonify,0.0.0,Public-Domain,,,,,,
jsonpointer,4.0.1,MIT,https://opensource.org/licenses/MIT,,,,,
kind-of,6.0.3,MIT,https://opensource.org/licenses/MIT,,,,,
klona,2.0.5,MIT,https://opensource.org/licenses/MIT,
known-css-properties,0.3.0,MIT,https://opensource.org/licenses/MIT,,,,,
levn,0.3.0,MIT,https://opensource.org/licenses/MIT,,,,,
levn,0.4.1,MIT,https://opensource.org/licenses/MIT,
lilconfig,2.0.4,MIT,https://opensource.org/licenses/MIT,
lines-and-columns,1.1.6,MIT,https://opensource.org/licenses/MIT,,,,,
loader-runner,4.2.0,MIT,https://opensource.org/licenses/MIT,,,,,
loader-utils,1.4.0,MIT,https://opensource.org/licenses/MIT,,,,,
loader-utils,2.0.0,MIT,https://opensource.org/licenses/MIT,
locate-path,5.0.0,MIT,https://opensource.org/licenses/MIT,,,,,
locate-path,6.0.0,MIT,https://opensource.org/licenses/MIT,
locate-path,7.0.0,MIT,https://opensource.org/licenses/MIT,
lodash,4.17.20,MIT,https://opensource.org/licenses/MIT,,,,,
lodash,4.17.21,MIT,https://opensource.org/licenses/MIT,
lodash.capitalize,4.2.1,MIT,https://opensource.org/licenses/MIT,,,,,
lodash.debounce,4.0.8,MIT,https://opensource.org/licenses/MIT,,,,,
lodash.isequal,4.5.0,MIT,https://opensource.org/licenses/MIT,
lodash.kebabcase,4.1.1,MIT,https://opensource.org/licenses/MIT,,,,,
lodash.memoize,4.1.2,MIT,https://opensource.org/licenses/MIT,,,,,
lodash.merge,4.6.2,MIT,https://opensource.org/licenses/MIT,
lodash.range,3.2.0,MIT,https://opensource.org/licenses/MIT,
lodash.throttle,4.1.1,MIT,https://opensource.org/licenses/MIT,,,,,
lodash.uniq,4.5.0,MIT,https://opensource.org/licenses/MIT,,,,,
loose-envify,1.4.0,MIT,https://opensource.org/licenses/MIT,,,,,
lru-cache,6.0.0,ISC,https://opensource.org/licenses/ISC,,,,,
lunr,2.3.9,MIT,https://opensource.org/licenses/MIT,
make-dir,3.1.0,MIT,https://opensource.org/licenses/MIT,,,,,
mark.js,8.11.1,MIT,https://opensource.org/licenses/MIT,,,,,
marked,0.7.0,MIT,https://opensource.org/licenses/MIT,,,,,
md5.js,1.3.5,MIT,https://opensource.org/licenses/MIT,,,,,
mdn-data,2.0.14,CC0-1.0,https://creativecommons.org/publicdomain/zero/1.0/legalcode,,,,,
memoize-one,5.2.1,MIT,https://opensource.org/licenses/MIT,
merge,1.2.1,MIT,https://opensource.org/licenses/MIT,,,,,
merge,2.1.1,MIT,https://opensource.org/licenses/MIT,
merge-stream,2.0.0,MIT,https://opensource.org/licenses/MIT,,,,,
miller-rabin,4.0.1,MIT,https://opensource.org/licenses/MIT,,,,,
mime-db,1.45.0,MIT,https://opensource.org/licenses/MIT,,,,,
mime-types,2.1.28,MIT,https://opensource.org/licenses/MIT,,,,,
mimic-fn,2.1.0,MIT,https://opensource.org/licenses/MIT,,,,,
mini-css-extract-plugin,2.4.5,MIT,https://opensource.org/licenses/MIT,
minimalistic-assert,1.0.1,ISC,https://opensource.org/licenses/ISC,,,,,
minimalistic-crypto-utils,1.0.1,MIT,https://opensource.org/licenses/MIT,,,,,
minimatch,3.0.4,ISC,https://opensource.org/licenses/ISC,,,,,
minimist,1.1.3,MIT,https://opensource.org/licenses/MIT,,,,,
minimist,1.2.5,MIT,https://opensource.org/licenses/MIT,
mkdirp,0.5.5,MIT,https://opensource.org/licenses/MIT,,,,,
mkdirp,1.0.4,MIT,https://opensource.org/licenses/MIT,
mobx,6.3.2,MIT,https://opensource.org/licenses/MIT,
mobx-react,7.2.0,MIT,https://opensource.org/licenses/MIT,
mobx-react,7.2.1,MIT,https://opensource.org/licenses/MIT,
mobx-react-lite,3.2.0,MIT,https://opensource.org/licenses/MIT,,,,,
mobx-react-lite,3.2.2,MIT,https://opensource.org/licenses/MIT,
ms,2.0.0,MIT,https://opensource.org/licenses/MIT,,,,,
ms,2.1.2,MIT,https://opensource.org/licenses/MIT,
mute-stream,0.0.5,ISC,https://opensource.org/licenses/ISC,,,,,
nanoid,3.1.30,MIT,https://opensource.org/licenses/MIT,
natural-compare,1.4.0,MIT,https://opensource.org/licenses/MIT,,,,,
neo-async,2.6.2,MIT,https://opensource.org/licenses/MIT,,,,,
next-tick,1.0.0,MIT,https://opensource.org/licenses/MIT,,,,,
node-fetch,2.6.1,MIT,https://opensource.org/licenses/MIT,
node-fetch,2.6.6,MIT,https://opensource.org/licenses/MIT,
node-fetch-h2,2.3.0,MIT,https://opensource.org/licenses/MIT,,,,,
node-libs-browser,2.2.1,MIT,https://opensource.org/licenses/MIT,,,,,
node-readfiles,0.2.0,MIT,https://opensource.org/licenses/MIT,,,,,
node-releases,2.0.1,MIT,https://opensource.org/licenses/MIT,
normalize-path,3.0.0,MIT,https://opensource.org/licenses/MIT,,,,,
normalize-range,0.1.2,MIT,https://opensource.org/licenses/MIT,,,,,
normalize-url,6.1.0,MIT,https://opensource.org/licenses/MIT,
npm-run-path,4.0.1,MIT,https://opensource.org/licenses/MIT,,,,,
nth-check,2.0.1,BSD-2-Clause,https://opensource.org/licenses/bsd-license.php,
number-is-nan,1.0.1,MIT,https://opensource.org/licenses/MIT,,,,,
oas-kit-common,1.0.8,BSD-3-Clause,https://opensource.org/licenses/BSD-3-Clause,,,,,
oas-linter,3.2.2,BSD-3-Clause,https://opensource.org/licenses/BSD-3-Clause,
oas-resolver,2.5.5,BSD-3-Clause,https://opensource.org/licenses/BSD-3-Clause,
oas-resolver,2.5.6,BSD-3-Clause,https://opensource.org/licenses/BSD-3-Clause,
oas-schema-walker,1.1.5,BSD-3-Clause,https://opensource.org/licenses/BSD-3-Clause,,,,,
oas-validator,5.0.6,BSD-3-Clause,https://opensource.org/licenses/BSD-3-Clause,
oas-validator,5.0.8,BSD-3-Clause,https://opensource.org/licenses/BSD-3-Clause,
object-assign,4.1.1,MIT,https://opensource.org/licenses/MIT,,,,,
object-keys,1.1.1,MIT,https://opensource.org/licenses/MIT,,,,,
object.assign,4.1.2,MIT,https://opensource.org/licenses/MIT,,,,,
once,1.4.0,ISC,https://opensource.org/licenses/ISC,,,,,
onetime,1.1.0,MIT,https://opensource.org/licenses/MIT,,,,,
onetime,5.1.2,MIT,https://opensource.org/licenses/MIT,
openapi-sampler,1.0.1,MIT,https://opensource.org/licenses/MIT,
openapi-sampler,1.1.1,MIT,https://opensource.org/licenses/MIT,
optionator,0.8.3,MIT,https://opensource.org/licenses/MIT,,,,,
optionator,0.9.1,MIT,https://opensource.org/licenses/MIT,
os-browserify,0.3.0,MIT,https://opensource.org/licenses/MIT,,,,,
os-homedir,1.0.2,MIT,https://opensource.org/licenses/MIT,,,,,
os-tmpdir,1.0.2,MIT,https://opensource.org/licenses/MIT,,,,,
p-limit,2.3.0,MIT,https://opensource.org/licenses/MIT,,,,,
p-limit,3.1.0,MIT,https://opensource.org/licenses/MIT,
p-limit,4.0.0,MIT,https://opensource.org/licenses/MIT,
p-locate,4.1.0,MIT,https://opensource.org/licenses/MIT,,,,,
p-locate,5.0.0,MIT,https://opensource.org/licenses/MIT,
p-locate,6.0.0,MIT,https://opensource.org/licenses/MIT,
p-try,2.2.0,MIT,https://opensource.org/licenses/MIT,,,,,
pako,1.0.11,MIT,https://opensource.org/licenses/MIT,,and Zlib,,,
parent-module,1.0.1,MIT,https://opensource.org/licenses/MIT,,,,,
parse-asn1,5.1.6,ISC,https://opensource.org/licenses/ISC,
parse-json,5.2.0,MIT,https://opensource.org/licenses/MIT,,,,,
path-browserify,0.0.1,MIT,https://opensource.org/licenses/MIT,,,,,
path-browserify,1.0.1,MIT,https://opensource.org/licenses/MIT,
path-exists,4.0.0,MIT,https://opensource.org/licenses/MIT,,,,,
path-exists,5.0.0,MIT,https://opensource.org/licenses/MIT,
path-is-absolute,1.0.1,MIT,https://opensource.org/licenses/MIT,,,,,
path-is-inside,1.0.2,WTFPL,https://spdx.org/licenses/WTFPL.html,,and MIT,,,
path-key,3.1.1,MIT,https://opensource.org/licenses/MIT,,,,,
path-parse,1.0.6,MIT,https://opensource.org/licenses/MIT,,,,,
path-type,4.0.0,MIT,https://opensource.org/licenses/MIT,,,,,
pbkdf2,3.1.2,MIT,https://opensource.org/licenses/MIT,
perfect-scrollbar,1.5.1,MIT,https://opensource.org/licenses/MIT,
perfect-scrollbar,1.5.3,MIT,https://opensource.org/licenses/MIT,
picocolors,1.0.0,ISC,https://opensource.org/licenses/ISC,
picomatch,2.2.2,MIT,https://opensource.org/licenses/MIT,,,,,
picomatch,2.3.0,MIT,https://opensource.org/licenses/MIT,
pkg-dir,4.2.0,MIT,https://opensource.org/licenses/MIT,,,,,
pkg-dir,6.0.1,MIT,https://opensource.org/licenses/MIT,
pluralize,1.2.1,MIT,https://opensource.org/licenses/MIT,,,,,
pluralize,8.0.0,MIT,https://opensource.org/licenses/MIT,
polished,4.1.3,MIT,https://opensource.org/licenses/MIT,
postcss,8.4.4,MIT,https://opensource.org/licenses/MIT,
postcss-calc,8.0.0,MIT,https://opensource.org/licenses/MIT,
postcss-colormin,5.2.1,MIT,https://opensource.org/licenses/MIT,
postcss-convert-values,5.0.2,MIT,https://opensource.org/licenses/MIT,
postcss-discard-comments,5.0.1,MIT,https://opensource.org/licenses/MIT,
postcss-discard-duplicates,5.0.1,MIT,https://opensource.org/licenses/MIT,
postcss-discard-empty,5.0.1,MIT,https://opensource.org/licenses/MIT,
postcss-discard-overridden,5.0.1,MIT,https://opensource.org/licenses/MIT,
postcss-loader,6.2.1,MIT,https://opensource.org/licenses/MIT,
postcss-merge-longhand,5.0.4,MIT,https://opensource.org/licenses/MIT,
postcss-merge-rules,5.0.3,MIT,https://opensource.org/licenses/MIT,
postcss-minify-font-values,5.0.1,MIT,https://opensource.org/licenses/MIT,
postcss-minify-gradients,5.0.3,MIT,https://opensource.org/licenses/MIT,
postcss-minify-params,5.0.2,MIT,https://opensource.org/licenses/MIT,
postcss-minify-selectors,5.1.0,MIT,https://opensource.org/licenses/MIT,
postcss-modules-extract-imports,3.0.0,ISC,https://opensource.org/licenses/ISC,,,,,
postcss-modules-local-by-default,4.0.0,MIT,https://opensource.org/licenses/MIT,,,,,
postcss-modules-scope,3.0.0,ISC,https://opensource.org/licenses/ISC,,,,,
postcss-modules-values,4.0.0,ISC,https://opensource.org/licenses/ISC,,,,,
postcss-normalize-charset,5.0.1,MIT,https://opensource.org/licenses/MIT,
postcss-normalize-display-values,5.0.1,MIT,https://opensource.org/licenses/MIT,
postcss-normalize-positions,5.0.1,MIT,https://opensource.org/licenses/MIT,
postcss-normalize-repeat-style,5.0.1,MIT,https://opensource.org/licenses/MIT,
postcss-normalize-string,5.0.1,MIT,https://opensource.org/licenses/MIT,
postcss-normalize-timing-functions,5.0.1,MIT,https://opensource.org/licenses/MIT,
postcss-normalize-unicode,5.0.1,MIT,https://opensource.org/licenses/MIT,
postcss-normalize-url,5.0.3,MIT,https://opensource.org/licenses/MIT,
postcss-normalize-whitespace,5.0.1,MIT,https://opensource.org/licenses/MIT,
postcss-ordered-values,5.0.2,MIT,https://opensource.org/licenses/MIT,
postcss-reduce-initial,5.0.2,MIT,https://opensource.org/licenses/MIT,
postcss-reduce-transforms,5.0.1,MIT,https://opensource.org/licenses/MIT,
postcss-selector-parser,6.0.6,MIT,https://opensource.org/licenses/MIT,
postcss-svgo,5.0.3,MIT,https://opensource.org/licenses/MIT,
postcss-unique-selectors,5.0.2,MIT,https://opensource.org/licenses/MIT,
postcss-value-parser,4.1.0,MIT,https://opensource.org/licenses/MIT,,,,,
prelude-ls,1.1.2,MIT,https://opensource.org/licenses/MIT,,,,,
prelude-ls,1.2.1,MIT,https://opensource.org/licenses/MIT,
prettier,2.5.0,MIT,https://opensource.org/licenses/MIT,
prettier-linter-helpers,1.0.0,MIT,https://opensource.org/licenses/MIT,,,,,
prismjs,1.24.1,MIT,https://opensource.org/licenses/MIT,
prismjs,1.25.0,MIT,https://opensource.org/licenses/MIT,
private,0.1.8,MIT,https://opensource.org/licenses/MIT,,,,,
process,0.11.10,MIT,https://opensource.org/licenses/MIT,,,,,
process-nextick-args,2.0.1,MIT,https://opensource.org/licenses/MIT,,,,,
progress,1.1.8,MIT,https://opensource.org/licenses/MIT,,,,,
progress,2.0.3,MIT,https://opensource.org/licenses/MIT,
prop-types,15.7.2,MIT,https://opensource.org/licenses/MIT,,,,,
public-encrypt,4.0.3,MIT,https://opensource.org/licenses/MIT,,,,,
punycode,1.3.2,MIT,https://opensource.org/licenses/MIT,,,,,
punycode,1.4.1,MIT,https://opensource.org/licenses/MIT,
punycode,2.1.1,MIT,https://opensource.org/licenses/MIT,
querystring,0.2.0,MIT,https://opensource.org/licenses/MIT,,,,,
querystring-es3,0.2.1,MIT,https://opensource.org/licenses/MIT,,,,,
randombytes,2.1.0,MIT,https://opensource.org/licenses/MIT,,,,,
randomfill,1.0.4,MIT,https://opensource.org/licenses/MIT,,,,,
raw-loader,0.5.1,MIT,https://opensource.org/licenses/MIT,,,,,
react,17.0.2,MIT,https://opensource.org/licenses/MIT,
react-dom,17.0.2,MIT,https://opensource.org/licenses/MIT,
react-is,16.13.1,MIT,https://opensource.org/licenses/MIT,,,,,
react-is,17.0.2,MIT,https://opensource.org/licenses/MIT,
react-tabs,3.2.2,MIT,https://opensource.org/licenses/MIT,
react-tabs,3.2.3,MIT,https://opensource.org/licenses/MIT,
readable-stream,2.3.7,MIT,https://opensource.org/licenses/MIT,,,,,
readable-stream,3.6.0,MIT,https://opensource.org/licenses/MIT,
readdirp,3.5.0,MIT,https://opensource.org/licenses/MIT,,,,,
readline2,1.0.1,MIT,https://opensource.org/licenses/MIT,,,,,
rechoir,0.7.0,MIT,https://opensource.org/licenses/MIT,,,,,
redoc,2.0.0-rc.58,MIT,https://opensource.org/licenses/MIT,
redoc-cli,0.13.1,MIT,https://opensource.org/licenses/MIT,
reftools,1.1.8,BSD-3-Clause,https://opensource.org/licenses/BSD-3-Clause,,,,,
reftools,1.1.9,BSD-3-Clause,https://opensource.org/licenses/BSD-3-Clause,
regenerate,1.4.2,MIT,https://opensource.org/licenses/MIT,,,,,
regenerate-unicode-properties,9.0.0,MIT,https://opensource.org/licenses/MIT,
regenerator-runtime,0.11.1,MIT,https://opensource.org/licenses/MIT,,,,,
regenerator-runtime,0.13.5,MIT,https://opensource.org/licenses/MIT,
regenerator-runtime,0.13.7,MIT,https://opensource.org/licenses/MIT,
regenerator-transform,0.10.1,BSD-2-Clause,https://opensource.org/licenses/bsd-license.php,,,,,
regenerator-transform,0.14.5,MIT,https://opensource.org/licenses/MIT,
regexpp,3.2.0,MIT,https://opensource.org/licenses/MIT,
regexpu-core,2.0.0,MIT,https://opensource.org/licenses/MIT,,,,,
regexpu-core,4.8.0,MIT,https://opensource.org/licenses/MIT,
regjsgen,0.2.0,MIT,https://opensource.org/licenses/MIT,,,,,
regjsgen,0.5.2,MIT,https://opensource.org/licenses/MIT,
regjsparser,0.1.5,BSD-2-Clause,https://opensource.org/licenses/bsd-license.php,,,,,
regjsparser,0.7.0,BSD-2-Clause,https://opensource.org/licenses/bsd-license.php,
repeating,2.0.1,MIT,https://opensource.org/licenses/MIT,,,,,
require-directory,2.1.1,MIT,https://opensource.org/licenses/MIT,,,,,
require-from-string,2.0.2,MIT,https://opensource.org/licenses/MIT,,,,,
require-uncached,1.0.3,MIT,https://opensource.org/licenses/MIT,,,,,
resolve,1.17.0,MIT,https://opensource.org/licenses/MIT,,,,,
resolve-cwd,3.0.0,MIT,https://opensource.org/licenses/MIT,,,,,
resolve-from,1.0.1,MIT,https://opensource.org/licenses/MIT,,,,,
resolve-from,4.0.0,MIT,https://opensource.org/licenses/MIT,
resolve-from,5.0.0,MIT,https://opensource.org/licenses/MIT,
restore-cursor,1.0.1,MIT,https://opensource.org/licenses/MIT,,,,,
rimraf,2.6.3,ISC,https://opensource.org/licenses/ISC,,,,,
rimraf,3.0.2,ISC,https://opensource.org/licenses/ISC,
ripemd160,2.0.2,MIT,https://opensource.org/licenses/MIT,,,,,
robust-predicates,3.0.1,Unlicense,https://opensource.org/licenses/unlicense,
run-async,0.1.0,MIT,https://opensource.org/licenses/MIT,,,,,
rw,1.3.3,BSD-3-Clause,https://opensource.org/licenses/BSD-3-Clause,,,,,
rx-lite,3.1.2,Apache-2.0,https://opensource.org/licenses/Apache-2.0,,,,,
safe-buffer,5.1.2,MIT,https://opensource.org/licenses/MIT,,,,,
safe-buffer,5.2.1,MIT,https://opensource.org/licenses/MIT,
safer-buffer,2.1.2,MIT,https://opensource.org/licenses/MIT,,,,,
sass,1.44.0,MIT,https://opensource.org/licenses/MIT,
sass-lint,1.13.1,MIT,https://opensource.org/licenses/MIT,,,,,
sass-loader,12.3.0,MIT,https://opensource.org/licenses/MIT,
scheduler,0.20.2,MIT,https://opensource.org/licenses/MIT,
schema-utils,2.6.6,MIT,https://opensource.org/licenses/MIT,,,,,
schema-utils,3.0.0,MIT,https://opensource.org/licenses/MIT,
schema-utils,3.1.1,MIT,https://opensource.org/licenses/MIT,
schema-utils,4.0.0,MIT,https://opensource.org/licenses/MIT,
script-loader,0.7.2,MIT,https://opensource.org/licenses/MIT,,,,,
select2,4.0.13,MIT,https://opensource.org/licenses/MIT,,,,,
semver,5.7.1,ISC,https://opensource.org/licenses/ISC,,,,,
semver,6.3.0,ISC,https://opensource.org/licenses/ISC,
semver,7.0.0,ISC,https://opensource.org/licenses/ISC,
semver,7.3.4,ISC,https://opensource.org/licenses/ISC,
semver,7.3.5,ISC,https://opensource.org/licenses/ISC,
serialize-javascript,6.0.0,BSD-3-Clause,https://opensource.org/licenses/BSD-3-Clause,
setimmediate,1.0.5,MIT,https://opensource.org/licenses/MIT,,,,,
sha.js,2.4.11,MIT,https://opensource.org/licenses/MIT,,and BSD-3-Clause,,,
shallow-clone,3.0.1,MIT,https://opensource.org/licenses/MIT,,,,,
shallowequal,1.1.0,MIT,https://opensource.org/licenses/MIT,,,,,
shebang-command,2.0.0,MIT,https://opensource.org/licenses/MIT,,,,,
shebang-regex,3.0.0,MIT,https://opensource.org/licenses/MIT,,,,,
shelljs,0.6.1,BSD-3-Clause,https://opensource.org/licenses/BSD-3-Clause,,,,,
should,13.2.3,MIT,https://opensource.org/licenses/MIT,,,,,
should-equal,2.0.0,MIT,https://opensource.org/licenses/MIT,,,,,
should-format,3.0.3,MIT,https://opensource.org/licenses/MIT,,,,,
should-type,1.4.0,MIT,https://opensource.org/licenses/MIT,,,,,
should-type-adaptors,1.1.0,MIT,https://opensource.org/licenses/MIT,,,,,
should-util,1.0.1,MIT,https://opensource.org/licenses/MIT,,,,,
signal-exit,3.0.3,ISC,https://opensource.org/licenses/ISC,,,,,
simplebar,5.3.6,MIT,https://opensource.org/licenses/MIT,
slash,1.0.0,MIT,https://opensource.org/licenses/MIT,,,,,
slice-ansi,0.0.4,MIT,https://opensource.org/licenses/MIT,,,,,
slugify,1.4.7,MIT,https://opensource.org/licenses/MIT,
source-map,0.5.7,BSD-3-Clause,https://opensource.org/licenses/BSD-3-Clause,,,,,
source-map,0.6.1,BSD-3-Clause,https://opensource.org/licenses/BSD-3-Clause,
source-map,0.7.3,BSD-3-Clause,https://opensource.org/licenses/BSD-3-Clause,
source-map-js,1.0.1,BSD-3-Clause,https://opensource.org/licenses/BSD-3-Clause,
source-map-support,0.4.18,MIT,https://opensource.org/licenses/MIT,,,,,
source-map-support,0.5.21,MIT,https://opensource.org/licenses/MIT,
sprintf-js,1.0.3,BSD-3-Clause,https://opensource.org/licenses/BSD-3-Clause,,,,,
stable,0.1.8,MIT,https://opensource.org/licenses/MIT,,,,,
stickyfill,1.1.1,MIT,https://opensource.org/licenses/MIT,,,,,
stream-browserify,2.0.2,MIT,https://opensource.org/licenses/MIT,,,,,
stream-http,2.8.3,MIT,https://opensource.org/licenses/MIT,,,,,
string-width,1.0.2,MIT,https://opensource.org/licenses/MIT,,,,,
string-width,2.1.1,MIT,https://opensource.org/licenses/MIT,
string-width,4.2.0,MIT,https://opensource.org/licenses/MIT,
string-width,4.2.2,MIT,https://opensource.org/licenses/MIT,
string_decoder,1.1.1,MIT,https://opensource.org/licenses/MIT,,,,,
string_decoder,1.3.0,MIT,https://opensource.org/licenses/MIT,
strip-ansi,3.0.1,MIT,https://opensource.org/licenses/MIT,,,,,
strip-ansi,4.0.0,MIT,https://opensource.org/licenses/MIT,
strip-ansi,6.0.0,MIT,https://opensource.org/licenses/MIT,
strip-ansi,6.0.1,MIT,https://opensource.org/licenses/MIT,
strip-final-newline,2.0.0,MIT,https://opensource.org/licenses/MIT,,,,,
strip-json-comments,1.0.4,MIT,https://opensource.org/licenses/MIT,,,,,
strip-json-comments,3.1.1,MIT,https://opensource.org/licenses/MIT,
style-loader,3.3.1,MIT,https://opensource.org/licenses/MIT,
styled-components,5.3.0,MIT,https://opensource.org/licenses/MIT,
stylehacks,5.0.1,MIT,https://opensource.org/licenses/MIT,
supports-color,2.0.0,MIT,https://opensource.org/licenses/MIT,,,,,
supports-color,5.5.0,MIT,https://opensource.org/licenses/MIT,
supports-color,7.2.0,MIT,https://opensource.org/licenses/MIT,
supports-color,8.1.1,MIT,https://opensource.org/licenses/MIT,
svgo,2.8.0,MIT,https://opensource.org/licenses/MIT,
swagger2openapi,7.0.6,BSD-3-Clause,https://opensource.org/licenses/BSD-3-Clause,
swagger2openapi,7.0.8,BSD-3-Clause,https://opensource.org/licenses/BSD-3-Clause,
sweetalert2,11.2.1,MIT,https://opensource.org/licenses/MIT,
table,3.8.3,BSD-3-Clause,https://opensource.org/licenses/BSD-3-Clause,,,,,
tapable,2.2.1,MIT,https://opensource.org/licenses/MIT,
terser,5.10.0,BSD-2-Clause,https://opensource.org/licenses/bsd-license.php,
terser-webpack-plugin,5.2.5,MIT,https://opensource.org/licenses/MIT,
text-table,0.2.0,MIT,https://opensource.org/licenses/MIT,,,,,
through,2.3.8,MIT,https://opensource.org/licenses/MIT,,,,,
timers-browserify,2.0.12,MIT,https://opensource.org/licenses/MIT,
timsort,0.3.0,MIT,https://opensource.org/licenses/MIT,,,,,
to-arraybuffer,1.0.1,MIT,https://opensource.org/licenses/MIT,,,,,
to-fast-properties,1.0.3,MIT,https://opensource.org/licenses/MIT,,,,,
to-fast-properties,2.0.0,MIT,https://opensource.org/licenses/MIT,
to-regex-range,5.0.1,MIT,https://opensource.org/licenses/MIT,,,,,
tr46,0.0.3,MIT,https://opensource.org/licenses/MIT,
trim-right,1.0.1,MIT,https://opensource.org/licenses/MIT,,,,,
tslib,1.14.1,BSD-0-Clause,https://spdx.org/licenses/0BSD.html,,,,,
tty-browserify,0.0.0,MIT,https://opensource.org/licenses/MIT,,,,,
type,1.2.0,ISC,https://opensource.org/licenses/ISC,,,,,
type,2.0.0,ISC,https://opensource.org/licenses/ISC,
type-check,0.3.2,MIT,https://opensource.org/licenses/MIT,,,,,
type-check,0.4.0,MIT,https://opensource.org/licenses/MIT,
type-fest,0.20.2,(MIT OR CC0-1.0),,
typedarray,0.0.6,MIT,https://opensource.org/licenses/MIT,,,,,
uglify-js,3.13.9,BSD-2-Clause,https://opensource.org/licenses/bsd-license.php,
unicode-canonical-property-names-ecmascript,2.0.0,MIT,https://opensource.org/licenses/MIT,
unicode-match-property-ecmascript,2.0.0,MIT,https://opensource.org/licenses/MIT,
unicode-match-property-value-ecmascript,2.0.0,MIT,https://opensource.org/licenses/MIT,
unicode-property-aliases-ecmascript,2.0.0,MIT,https://opensource.org/licenses/MIT,
universalify,0.1.2,MIT,https://opensource.org/licenses/MIT,,,,,
uri-js,4.2.2,BSD-2-Clause,https://opensource.org/licenses/bsd-license.php,,,,,
uri-js,4.4.1,BSD-2-Clause,https://opensource.org/licenses/bsd-license.php,
url,0.11.0,MIT,https://opensource.org/licenses/MIT,,,,,
url-template,2.0.8,BSD-3-Clause,https://opensource.org/licenses/BSD-3-Clause,,,,,
user-home,2.0.0,MIT,https://opensource.org/licenses/MIT,,,,,
util,0.10.3,MIT,https://opensource.org/licenses/MIT,,,,,
util,0.10.4,MIT,https://opensource.org/licenses/MIT,
util,0.11.1,MIT,https://opensource.org/licenses/MIT,
util-deprecate,1.0.2,MIT,https://opensource.org/licenses/MIT,,,,,
v8-compile-cache,2.2.0,MIT,https://opensource.org/licenses/MIT,,,,,
vm-browserify,1.1.2,MIT,https://opensource.org/licenses/MIT,,,,,
watchpack,2.3.0,MIT,https://opensource.org/licenses/MIT,
webidl-conversions,3.0.1,BSD-2-Clause,https://opensource.org/licenses/bsd-license.php,
webpack,5.64.4,MIT,https://opensource.org/licenses/MIT,
webpack-cli,4.9.1,MIT,https://opensource.org/licenses/MIT,
webpack-merge,5.7.3,MIT,https://opensource.org/licenses/MIT,,,,,
webpack-remove-empty-scripts,0.7.1,ISC,https://opensource.org/licenses/ISC,
webpack-sources,3.2.2,MIT,https://opensource.org/licenses/MIT,
whatwg-fetch,3.6.2,MIT,https://opensource.org/licenses/MIT,
whatwg-url,5.0.0,MIT,https://opensource.org/licenses/MIT,
which,2.0.2,ISC,https://opensource.org/licenses/ISC,,,,,
wildcard,2.0.0,MIT,https://opensource.org/licenses/MIT,,,,,
word-wrap,1.2.3,MIT,https://opensource.org/licenses/MIT,,,,,
wordwrap,1.0.0,MIT,https://opensource.org/licenses/MIT,,,,,
wrap-ansi,7.0.0,MIT,https://opensource.org/licenses/MIT,,,,,
wrappy,1.0.2,ISC,https://opensource.org/licenses/ISC,,,,,
write,0.2.1,MIT,https://opensource.org/licenses/MIT,,,,,
xtend,4.0.2,MIT,https://opensource.org/licenses/MIT,,,,,
y18n,5.0.8,ISC,https://opensource.org/licenses/ISC,
yallist,4.0.0,ISC,https://opensource.org/licenses/ISC,,,,,
yaml,1.10.2,ISC,https://opensource.org/licenses/ISC,
yaml-ast-parser,0.0.43,Apache-2.0,https://opensource.org/licenses/Apache-2.0,
yargs,17.0.1,MIT,https://opensource.org/licenses/MIT,
yargs,17.2.1,MIT,https://opensource.org/licenses/MIT,
yargs-parser,20.2.7,ISC,https://opensource.org/licenses/ISC,
yargs-parser,20.2.9,ISC,https://opensource.org/licenses/ISC,
yocto-queue,0.1.0,MIT,https://opensource.org/licenses/MIT,,,,,
yocto-queue,1.0.0,MIT,https://opensource.org/licenses/MIT,
